{"epoch":24,"train_loss":0.0007273005321621895,"_timestamp":1.7538180243387628e+09,"val_loss":0.0019469862917482301,"_wandb":{"runtime":127},"_runtime":127,"_step":25}