{"_timestamp":1.7539107889263184e+09,"gradients/lstm.weight_hh_l0":{"values":[1,0,1,0,0,2,0,1,1,2,2,1,2,4,4,8,10,9,16,23,53,60,121,336,2516,6120,359,134,74,49,26,17,11,9,6,5,4,4,2,1,3,0,0,0,0,0,0,1,1,0,0,0,0,0,0,0,0,0,0,0,0,0,0,1],"bins":[-0.0016984465764835477,-0.0016306712059304118,-0.001562895835377276,-0.00149512046482414,-0.0014273450942710042,-0.0013595697237178683,-0.0012917943531647325,-0.0012240189826115966,-0.0011562437284737825,-0.0010884683579206467,-0.0010206929873675108,-0.000952917558606714,-0.000885142246261239,-0.0008173668757081032,-0.0007495915051549673,-0.0006818161346018314,-0.0006140407640486956,-0.0005462653934955597,-0.0004784900229424238,-0.0004107146814931184,-0.00034293931093998253,-0.00027516394038684666,-0.00020738858438562602,-0.00013961322838440537,-7.18378578312695e-05,-4.062494554091245e-06,6.371286872308701e-05,0.00013148822472430766,0.00019926359527744353,0.0002670389658305794,0.0003348143072798848,0.0004025896778330207,0.00047036493197083473,0.0005381403025239706,0.0006059156730771065,0.0006736910436302423,0.0007414664141833782,0.0008092417265288532,0.000877017097081989,0.0009447924676351249,0.0010125678963959217,0.0010803431505337358,0.0011481185210868716,0.0012158938916400075,0.0012836692621931434,0.0013514446327462792,0.0014192200032994151,0.001486995373852551,0.0015547707444056869,0.0016225461149588227,0.0016903214855119586,0.0017580968560650945,0.0018258722266182303,0.0018936475971713662,0.0019614228513091803,0.002029198221862316,0.002096973592415452,0.002164748962968588,0.0022325243335217237,0.0023002997040748596,0.0023680750746279955,0.0024358504451811314,0.0025036258157342672,0.002571401186287403,0.002639176556840539],"_type":"histogram"},"parameters/lstm.weight_ih_l0":{"bins":[-0.34392431378364563,-0.331328809261322,-0.3187333345413208,-0.3061378598213196,-0.29354235529899597,-0.28094685077667236,-0.26835137605667114,-0.2557559013366699,-0.2431603968143463,-0.2305649071931839,-0.21796941757202148,-0.20537392795085907,-0.19277843832969666,-0.18018294870853424,-0.16758745908737183,-0.1549919694662094,-0.142396479845047,-0.12980099022388458,-0.11720550060272217,-0.10461001098155975,-0.09201452136039734,-0.07941903173923492,-0.06682354211807251,-0.054228052496910095,-0.04163256287574768,-0.029037073254585266,-0.01644158363342285,-0.003846094012260437,0.008749395608901978,0.021344885230064392,0.03394037485122681,0.04653586447238922,0.05913138389587402,0.07172687351703644,0.08432236313819885,0.09691785275936127,0.10951334238052368,0.1221088320016861,0.1347043216228485,0.14729981124401093,0.15989530086517334,0.17249079048633575,0.18508628010749817,0.19768176972866058,0.210277259349823,0.2228727489709854,0.23546823859214783,0.24806372821331024,0.26065921783447266,0.2732546925544739,0.2858501970767975,0.2984457015991211,0.3110411763191223,0.32363665103912354,0.33623215556144714,0.34882766008377075,0.361423134803772,0.3740186095237732,0.3866141140460968,0.3992096185684204,0.41180509328842163,0.42440056800842285,0.43699607253074646,0.44959157705307007,0.4621870517730713],"_type":"histogram","values":[1,1,0,0,1,4,1,2,2,2,2,1,7,4,8,5,7,3,14,14,12,14,24,29,19,23,24,28,21,17,18,18,19,22,14,22,20,28,19,19,19,20,16,17,6,3,10,3,5,2,1,0,1,1,1,0,0,1,0,1,0,1,2,1]},"gradients/lstm.weight_ih_l0":{"bins":[-0.0014115051599219441,-0.0013474886072799563,-0.0012834719382226467,-0.001219455385580659,-0.0011554387165233493,-0.0010914221638813615,-0.0010274054948240519,-0.0009633889421820641,-0.0008993723313324153,-0.0008353557204827666,-0.0007713391096331179,-0.0007073224987834692,-0.0006433059461414814,-0.0005792893352918327,-0.000515272724442184,-0.00045125611359253526,-0.00038723950274288654,-0.00032322289189323783,-0.0002592062810435891,-0.00019518969929777086,-0.00013117308844812214,-6.715648487443104e-05,-3.139881300739944e-06,6.0876722272951156e-05,0.00012489332584664226,0.00018890993669629097,0.0002529265475459397,0.00031694312929175794,0.00038095974014140666,0.00044497635099105537,0.0005089929327368736,0.0005730095435865223,0.0006370262708514929,0.0007010428817011416,0.0007650594925507903,0.000829076103400439,0.0008930927142500877,0.0009571092668920755,0.0010211259359493852,0.001085142488591373,0.0011491591576486826,0.0012131757102906704,0.0012771922629326582,0.0013412089319899678,0.0014052254846319556,0.0014692421536892653,0.001533258706331253,0.0015972753753885627,0.0016612919280305505,0.0017253084806725383,0.001789325149729848,0.0018533417023718357,0.0019173583714291453,0.001981375040486455,0.0020453915931284428,0.0021094081457704306,0.0021734246984124184,0.002237441251054406,0.0023014580365270376,0.0023654745891690254,0.0024294911418110132,0.002493507694453001,0.0025575244799256325,0.0026215410325676203,0.002685557585209608],"_type":"histogram","values":[1,2,0,0,2,1,2,1,1,2,2,1,0,1,5,4,7,9,17,26,77,228,143,12,9,9,7,5,4,5,1,3,1,1,0,2,1,1,1,2,0,0,0,0,0,1,0,0,0,0,1,0,0,0,0,0,1,0,0,0,0,0,0,1]},"gradients/lstm.bias_ih_l0":{"_type":"histogram","values":[1,1,1,0,0,0,1,0,0,2,0,0,1,0,2,2,1,3,0,2,3,9,17,52,77,1,1,4,4,0,1,1,3,1,2,1,0,1,0,0,0,1,1,1,0,0,0,0,0,0,0,0,0,0,0,0,0,1,0,0,0,0,0,1],"bins":[-0.0024117426946759224,-0.0023137389216572046,-0.002215734915807843,-0.0021177311427891254,-0.002019727136939764,-0.0019217233639210463,-0.0018237194744870067,-0.001725715585052967,-0.0016277116956189275,-0.0015297078061848879,-0.0014317039167508483,-0.0013337000273168087,-0.001235696254298091,-0.0011376923648640513,-0.0010396884754300117,-0.0009416845859959722,-0.0008436806965619326,-0.000745676807127893,-0.0006476729176938534,-0.0005496690864674747,-0.0004516651970334351,-0.0003536613075993955,-0.0002556574472691864,-0.000157653572387062,-5.964969750493765e-05,3.8354177377186716e-05,0.00013635805225931108,0.00023436192714143544,0.0003323658020235598,0.0004303696914575994,0.0005283735226839781,0.0006263774121180177,0.0007243810687214136,0.0008223849581554532,0.0009203888475894928,0.0010183927370235324,0.001116396626457572,0.0012144003994762897,0.0013124042889103293,0.001410408178344369,0.0015084120677784085,0.0016064159572124481,0.0017044198466464877,0.0018024237360805273,0.001900427509099245,0.0019984315149486065,0.0020964352879673243,0.0021944392938166857,0.0022924430668354034,0.002390446839854121,0.0024884508457034826,0.0025864546187222004,0.002684458624571562,0.0027824623975902796,0.002880466403439641,0.0029784701764583588,0.00307647418230772,0.003174477955326438,0.0032724817283451557,0.003370485734194517,0.003468489507213235,0.0035664935130625963,0.003664497286081314,0.0037625012919306755,0.0038605050649493933]},"parameters/linear.weight":{"bins":[-0.25128304958343506,-0.24366481602191925,-0.23604658246040344,-0.22842836380004883,-0.22081013023853302,-0.2131918966770172,-0.2055736780166626,-0.1979554444551468,-0.19033721089363098,-0.18271897733211517,-0.17510074377059937,-0.16748252511024475,-0.15986429154872894,-0.15224605798721313,-0.14462783932685852,-0.1370096057653427,-0.1293913722038269,-0.1217731386423111,-0.11415491253137589,-0.10653668642044067,-0.09891845285892487,-0.09130021929740906,-0.08368199318647385,-0.07606376707553864,-0.06844553351402283,-0.06082730367779732,-0.05320907384157181,-0.0455908440053463,-0.03797261416912079,-0.03035438433289528,-0.02273615449666977,-0.01511792466044426,-0.007499709725379944,0.0001185201108455658,0.0077367499470710754,0.015354979783296585,0.022973209619522095,0.030591439455747604,0.038209669291973114,0.045827899128198624,0.05344612896442413,0.06106435880064964,0.06868258863687515,0.07630081474781036,0.08391904830932617,0.09153728187084198,0.09915550798177719,0.1067737340927124,0.11439196765422821,0.12201020121574402,0.12962841987609863,0.13724665343761444,0.14486488699913025,0.15248312056064606,0.16010135412216187,0.16771957278251648,0.1753378063440323,0.1829560399055481,0.1905742585659027,0.19819249212741852,0.20581072568893433,0.21342895925045013,0.22104719281196594,0.22866541147232056,0.23628364503383636],"_type":"histogram",