{"_step":15,"val_loss":0.02005138706374801,"_wandb":{"runtime":74},"_runtime":74,"epoch":14,"train_loss":0.00037996770697645843,"_timestamp":1.7538204519919763e+09}