{"_wandb":{"runtime":123},"_runtime":123,"_step":25,"epoch":24,"train_loss":0.000613199663348496,"_timestamp":1.7538140776681128e+09,"val_loss":0.012827645612514864}