{"_runtime":99,"_timestamp":1.753816254909632e+09,"_step":20,"epoch":19,"train_loss":0.0007582101388834417,"val_loss":0.009782386135730079,"_wandb":{"runtime":99}}