{"_step":25,"epoch":24,"train_loss":0.00023805256932973862,"val_loss":0.0019294892548672544,"_wandb":{"runtime":127},"_runtime":127,"_timestamp":1.7538127196753144e+09}