{"_runtime":101,"train_loss":0.000579848769120872,"_timestamp":1.7538147900601492e+09,"_step":20,"epoch":19,"val_loss":0.008002295193716187,"_wandb":{"runtime":101}}