{"val_loss":0.01704770633448265,"_wandb":{"runtime":72},"_runtime":72,"epoch":14,"train_loss":0.0002776763285510242,"_timestamp":1.7538211190774221e+09,"_step":15}