{"val_loss":0.004339705804666491,"_wandb":{"runtime":96},"_runtime":96,"epoch":19,"train_loss":0.0005318727344274521,"_timestamp":1.753825745303339e+09,"_step":20}