{"_step":20,"val_loss":0.00973044500298597,"_wandb":{"runtime":100},"_runtime":100,"epoch":19,"train_loss":0.0006463171448558569,"_timestamp":1.7538226927363796e+09}