{"epoch":14,"train_loss":0.0001674387458479032,"_timestamp":1.7538164117357519e+09,"_step":15,"val_loss":0.01775298951951361,"_wandb":{"runtime":73},"_runtime":73}