{"train_loss":0.0005137132829986513,"_timestamp":1.753820953492172e+09,"_step":15,"val_loss":0.003257157607316407,"_wandb":{"runtime":74},"_runtime":74,"epoch":14}