{"train_loss":0.0004965816042385995,"_timestamp":1.7538301064789002e+09,"_step":25,"val_loss":0.001995679611374857,"_wandb":{"runtime":123},"_runtime":123,"epoch":24}