{"epoch":19,"train_loss":0.0005756582249887288,"_timestamp":1.7538266266956131e+09,"val_loss":0.0062371809256956,"_wandb":{"runtime":99},"_runtime":99,"_step":20}