{"_timestamp":1.753813402018114e+09,"_step":25,"val_loss":0.0019949083520595353,"_wandb":{"runtime":128},"_runtime":128,"epoch":24,"train_loss":0.0005080167902633548}