{"epoch":24,"train_loss":0.0006145443767309189,"val_loss":0.003866267655694449,"_wandb":{"runtime":119},"_runtime":119,"_timestamp":1.7538294632742164e+09,"_step":25}