{"_step":15,"val_loss":0.012925012346106367,"_wandb":{"runtime":75},"_runtime":75,"epoch":14,"train_loss":0.00040468512452207506,"_timestamp":1.75382027097075e+09}