{"epoch":14,"val_loss":0.01636884875320618,"_wandb":{"runtime":72},"_runtime":72,"train_loss":0.0008980018901638687,"_timestamp":1.7538161217839983e+09,"_step":15}