{"_runtime":74,"epoch":14,"train_loss":0.00045463835704140365,"_timestamp":1.7538199353068404e+09,"_step":15,"val_loss":0.012048487757872019,"_wandb":{"runtime":74}}