{"train_loss":0.0005608102073892951,"_timestamp":1.7538135395079541e+09,"val_loss":0.001903861570454093,"_wandb":{"runtime":129},"_runtime":129,"_step":25,"epoch":24}