{"_step":15,"val_loss":0.008062072049676692,"_wandb":{"runtime":77},"_runtime":77,"epoch":14,"train_loss":0.0007457706960849464,"_timestamp":1.753820356971627e+09}