{"train_loss":0.000663897255435586,"_timestamp":1.753812309808955e+09,"val_loss":0.0029553684934937405,"_wandb":{"runtime":131},"_runtime":131,"_step":25,"epoch":24}