{"_step":25,"val_loss":0.0024106970569238535,"_wandb":{"runtime":127},"_runtime":127,"epoch":24,"train_loss":0.0005951994680799544,"_timestamp":1.7538124480182607e+09}