{"_timestamp":1.75381593941861e+09,"_step":25,"epoch":24,"val_loss":0.013051965525843574,"_wandb":{"runtime":118},"_runtime":118,"train_loss":0.00034651579335331917}