{"_wandb":{"runtime":102},"_runtime":102,"epoch":19,"train_loss":0.0006966755026951432,"_timestamp":1.7538146814966764e+09,"_step":20,"val_loss":0.009426334023004898}