{"_step":15,"val_loss":0.0021890923788285234,"_wandb":{"runtime":77},"_runtime":77,"epoch":14,"train_loss":0.0005580101860687137,"_timestamp":1.7538196267336497e+09}