{"_wandb":{"runtime":127},"_runtime":127,"train_loss":0.0006268015713430941,"_timestamp":1.7538125846446064e+09,"_step":25,"epoch":24,"val_loss":0.002122222296341826}