{"_wandb":{"runtime":119},"_runtime":119,"epoch":24,"train_loss":0.0002499180263839662,"_timestamp":1.7538302327395084e+09,"_step":25,"val_loss":0.013443965716508147}