{"_runtime":119,"epoch":24,"train_loss":0.0007511414587497711,"_timestamp":1.753831776026071e+09,"_step":25,"val_loss":0.009992845306977485,"_wandb":{"runtime":119}}