{"_step":15,"val_loss":0.006358458028508808,"_wandb":{"runtime":77},"_runtime":77,"epoch":14,"train_loss":0.0008095029043033719,"_timestamp":1.7538175363745272e+09}