{"epoch":24,"train_loss":0.0004390903632156551,"_timestamp":1.7538292067928212e+09,"_step":25,"val_loss":0.009497727316221883,"_wandb":{"runtime":118},"_runtime":118}