{"_wandb":{"runtime":132},"_runtime":132,"_step":25,"epoch":24,"train_loss":0.0005413804319687188,"_timestamp":1.7538118969351358e+09,"val_loss":0.0018546577835774655}