{"_wandb":{"runtime":77},"_runtime":77,"_timestamp":1.7538205386527987e+09,"_step":15,"epoch":14,"train_loss":0.0005357625777833164,"val_loss":0.0024583788768428342}