{"val_loss":0.04848581752104176,"_wandb":{"runtime":119},"_runtime":119,"epoch":24,"train_loss":0.00012709693692158908,"_timestamp":1.7538165412627344e+09,"_step":25}