{"_runtime":124,"_step":25,"epoch":24,"train_loss":0.000546769006177783,"_timestamp":1.7538293376773472e+09,"val_loss":0.002143218276360352,"_wandb":{"runtime":124}}