{"train_loss":0.00044989754678681493,"_timestamp":1.7538315191046011e+09,"_step":25,"val_loss":0.01306068942814907,"_wandb":{"runtime":118},"_runtime":118,"epoch":24}