{"_step":15,"val_loss":0.002188946818439983,"_wandb":{"runtime":75},"_runtime":75,"epoch":14,"train_loss":0.0003591719432733953,"_timestamp":1.7538221745964658e+09}