{"_timestamp":1.753817451158668e+09,"val_loss":0.009600763616541448,"_wandb":{"runtime":97},"_runtime":97,"_step":20,"epoch":19,"train_loss":0.0004477489273995161}