{"val_loss":0.03862646514243466,"_wandb":{"runtime":122},"_runtime":122,"epoch":24,"train_loss":0.0003376879612915218,"_timestamp":1.7538184751496933e+09,"_step":25}