{"_runtime":95,"epoch":19,"train_loss":0.0005796087207272649,"_timestamp":1.7538236395089219e+09,"_step":20,"val_loss":0.0025114780482731274,"_wandb":{"runtime":95}}