{"train_loss":0.000739404174964875,"_timestamp":1.7538194390054245e+09,"_step":15,"val_loss":0.007733086867613147,"_wandb":{"runtime":77},"_runtime":77,"epoch":14}