{"_step":20,"epoch":19,"train_loss":0.0004937807098031044,"val_loss":0.0148490358446419,"_wandb":{"runtime":96},"_runtime":96,"_timestamp":1.7538238488632345e+09}