{"_step":15,"val_loss":0.025285228963163434,"_wandb":{"runtime":72},"_runtime":72,"epoch":14,"train_loss":0.0002759168273769319,"_timestamp":1.753816018607197e+09}