{"final_mae":0.47036194144785054,"final_rmse":0.5353919542638863,"final_r2":0.15942547906270754,"final_mape":2.4823545961092566,"_timestamp":1.7539174859463732e+09,"_step":0,"_wandb":{"runtime":795},"_runtime":795}