{"_runtime":95,"epoch":19,"train_loss":0.00047616648953408003,"_timestamp":1.7538242663283305e+09,"_step":20,"val_loss":0.010961483219763854,"_wandb":{"runtime":95}}