{"_wandb":{"runtime":74},"_runtime":74,"_step":15,"epoch":14,"train_loss":0.0004114307230338454,"_timestamp":1.753819352111928e+09,"val_loss":0.03148093834180316}