{"_step":0,"final_mae":0.14336263514836167,"final_rmse":0.15751119332155308,"final_r2":-0.5054041312711346,"final_mape":2.4075602116200088,"_wandb":{"runtime":1302},"_runtime":1302,"_timestamp":1.753916688257445e+09}