{"val_loss":0.00824178017528814,"_wandb":{"runtime":98},"_runtime":98,"epoch":19,"train_loss":0.0004749434010591358,"_timestamp":1.7538183458685806e+09,"_step":20}