{"train_loss":0.0005212760297581553,"_timestamp":1.7538225055560458e+09,"_step":15,"val_loss":0.002061440125915329,"_wandb":{"runtime":75},"_runtime":75,"epoch":14}