{"avg_max_cpu_MAPE":1.1975225061178207,"avg_max_cpu_MAE":0.23644281923770905,"avg_max_cpu_RMSE":0.29861239206916623,"avg_min_cpu_MAPE":0.9543872438371181,"avg_min_cpu_RMSE":0.07812050866091456,"avg_avg_cpu_R2":0.8238876461982727,"_runtime":0,"Final Tahmin Grafiği":{"path":"media/plotly/Final Tahmin Grafiği_0_611b3ff85d2f14e75df1.plotly.json","_type":"plotly-file","sha256":"611b3ff85d2f14e75df1d9ec3c998e64ff27815e31076fd858d23b44cf57581e","size":248458},"avg_avg_cpu_RMSE":0.14415477357600762,"avg_min_cpu_MAE":0.05966464802622795,"avg_avg_cpu_MAE":0.11395740509033203,"avg_avg_cpu_MAPE":1.1552199721336365,"_timestamp":1.753914619624108e+09,"avg_min_cpu_R2":0.8749517202377319,"_wandb":{"runtime":0},"avg_max_cpu_R2":0.7337421178817749,"_step":0}