{"_timestamp":1.7538227981746855e+09,"val_loss":0.02182317799836568,"_wandb":{"runtime":96},"_runtime":96,"_step":20,"epoch":19,"train_loss":0.00040447525680065155}