{"_step":25,"epoch":24,"train_loss":0.000770103360991925,"_timestamp":1.753819154121626e+09,"val_loss":0.00969880192239611,"_wandb":{"runtime":136},"_runtime":136}