{"_wandb":{"runtime":72},"_runtime":72,"train_loss":0.00028744718292728066,"_timestamp":1.753822423758789e+09,"_step":15,"epoch":14,"val_loss":0.007410551447972971}