{"epoch":14,"train_loss":0.0006330012110993266,"val_loss":0.002393824576282517,"_wandb":{"runtime":77},"_runtime":77,"_timestamp":1.7538208730512302e+09,"_step":15}