{"_runtime":75,"epoch":14,"train_loss":0.0004134576302021742,"_timestamp":1.7538170211803877e+09,"_step":15,"val_loss":0.004404576685869223,"_wandb":{"runtime":75}}