{"_step":15,"val_loss":0.0020697094156316397,"_wandb":{"runtime":75},"_runtime":75,"epoch":14,"train_loss":0.0007344611804001033,"_timestamp":1.7538223428679638e+09}