{"_step":25,"val_loss":0.0018124077941345472,"_wandb":{"runtime":128},"_runtime":128,"epoch":24,"train_loss":0.00041423350921832025,"_timestamp":1.7538138107869225e+09}