{"_runtime":128,"_step":25,"epoch":24,"train_loss":0.00037681421963497996,"_timestamp":1.7538139469840438e+09,"val_loss":0.0016399739952391078,"_wandb":{"runtime":128}}