{"_step":20,"val_loss":0.028371659168114873,"_wandb":{"runtime":98},"_runtime":98,"epoch":19,"train_loss":0.0008492508204653859,"_timestamp":1.7538143205968704e+09}