{"parameters/graph_4linear.bias":{"values":[1,0,0,0,0,0,0,0,0,0,0,0,0,0,0,0,0,0,0,0,0,0,0,0,0,0,0,0,0,0,0,0,0,0,0,0,0,0,0,0,0,0,0,0,0,0,0,0,1,0,0,0,0,0,0,0,0,0,0,0,0,0,0,1],"bins":[-0.07529528439044952,-0.07241974025964737,-0.06954420357942581,-0.06666865944862366,-0.0637931227684021,-0.060917578637599945,-0.05804203450679779,-0.055166494101285934,-0.05229095369577408,-0.04941541329026222,-0.046539872884750366,-0.04366432875394821,-0.040788788348436356,-0.0379132479429245,-0.035037703812122345,-0.03216216340661049,-0.029286623001098633,-0.026411082595586777,-0.02353554032742977,-0.020659998059272766,-0.01778445765376091,-0.01490891631692648,-0.012033374980092049,-0.009157833643257618,-0.006282292306423187,-0.0034067509695887566,-0.0005312096327543259,0.002344331704080105,0.0052198730409145355,0.008095414377748966,0.010970955714583397,0.013846497051417828,0.016722045838832855,0.01959758624434471,0.022473128512501717,0.025348670780658722,0.028224211186170578,0.031099751591682434,0.03397529572248459,0.036850836127996445,0.0397263765335083,0.04260191693902016,0.04547745734453201,0.04835300147533417,0.051228541880846024,0.05410408228635788,0.056979626417160034,0.05985516682267189,0.06273070722818375,0.0656062513589859,0.06848178803920746,0.07135733217000961,0.07423287630081177,0.07710841298103333,0.07998395711183548,0.08285949379205704,0.08573503792285919,0.08861058205366135,0.0914861187338829,0.09436166286468506,0.09723719954490662,0.10011274367570877,0.10298828780651093,0.10586382448673248,0.10873936861753464],"_type":"histogram"},"test_loss":0.0019834978781916477,"parameters/graph_4lstm.weight_hh_l0":{"bins":[-0.49645891785621643,-0.48135489225387573,-0.46625086665153503,-0.45114681124687195,-0.43604278564453125,-0.42093876004219055,-0.40583473443984985,-0.39073070883750916,-0.37562668323516846,-0.36052262783050537,-0.3454186022281647,-0.330314576625824,-0.3152105510234833,-0.3001065254211426,-0.2850024700164795,-0.2698984444141388,-0.2547944188117981,-0.2396903932094574,-0.2245863527059555,-0.2094823271036148,-0.19437828660011292,-0.17927426099777222,-0.16417023539543152,-0.14906619489192963,-0.13396216928958893,-0.11885813623666763,-0.10375410318374634,-0.08865007758140564,-0.07354604452848434,-0.05844201147556305,-0.04333798214793205,-0.028233950957655907,-0.01312991976737976,0.001974111422896385,0.01707814261317253,0.03218217194080353,0.04728620499372482,0.06239023804664612,0.07749426364898682,0.09259829670190811,0.1077023297548294,0.1228063628077507,0.137910395860672,0.1530144214630127,0.1681184470653534,0.18322248756885529,0.19832651317119598,0.21343055367469788,0.22853457927703857,0.24363860487937927,0.25874263048171997,0.27384668588638306,0.28895071148872375,0.30405473709106445,0.31915876269340515,0.33426278829574585,0.34936684370040894,0.36447086930274963,0.37957489490509033,0.39467892050743103,0.40978294610977173,0.4248869717121124,0.4399910271167755,0.4550950527191162,0.4701990783214569],"_type":"histogram","values":[1,0,0,0,0,0,1,3,3,0,5,6,6,11,6,13,18,23,25,45,59,81,172,288,357,438,473,470,520,534,464,547,502,523,473,473,497,495,501,451,399,357,231,151,91,61,41,40,19,26,21,17,8,12,9,8,4,8,6,4,1,0,1,1]},"parameters/graph_4lstm.bias_ih_l0":{"bins":[-0.15358313918113708,-0.1455259919166565,-0.1374688446521759,-0.1294117122888565,-0.12135456502437592,-0.11329741775989532,-0.10524027049541473,-0.09718313068151474,-0.08912598341703415,-0.08106883615255356,-0.07301169633865356,-0.06495454907417297,-0.05689740553498268,-0.04884026199579239,-0.0407831147313118,-0.032725971192121506,-0.024668827652931213,-0.01661168411374092,-0.00855453871190548,-0.0004973942413926125,0.0075597502291202545,0.015616894699633121,0.02367403917014599,0.03173118457198143,0.03978832811117172,0.047845471650362015,0.05590261518955231,0.0639597624540329,0.07201690971851349,0.08007404953241348,0.08813119679689407,0.09618833661079407,0.10424548387527466,0.11230263113975525,0.12035977095365524,0.12841691076755524,0.13647405803203583,0.14453120529651642,0.152588352560997,0.1606454998254776,0.168702632188797,0.1767597794532776,0.18481692671775818,0.19287407398223877,0.20093122124671936,0.20898836851119995,0.21704550087451935,0.22510264813899994,0.23315979540348053,0.24121694266796112,0.2492740899324417,0.2573312222957611,0.2653883695602417,0.2734455168247223,0.2815026640892029,0.28955981135368347,0.29761695861816406,0.30567410588264465,0.31373125314712524,0.32178837060928345,0.32984551787376404,0.33790266513824463,0.3459598124027252,0.3540169596672058,0.3620741069316864],"_type":"histogram","values":[1,0,2,3,3,4,5,8,7,7,8,2,7,5,3,8,2,4,7,9,9,6,4,7,6,4,4,4,6,6,9,8,4,4,6,4,3,1,2,0,2,0,0,0,2,0,0,0,2,0,0,0,0,0,0,0,0,0,1,0,0,0,0,1]},"_step":19,"gradients/graph_4linear.bias":{"_type":"histogram","values":[1,0,0,0,0,0,0,0,0,0,0,0,0,0,0,0,0,0,0,0,0,0,0,0,0,0,0,0,0,0,0,0,0,0,0,0,0,0,0,0,0,0,0,1,0,0,0,0,0,0,0,0,0,0,0,0,0,0,0,0,0,0,0,1],"bins":[-0.0028485325165092945,-0.0027846847660839558,-0.0027208372484892607,-0.002656989498063922,-0.002593141747638583,-0.002529294230043888,-0.0024654464796185493,-0.0024015987291932106,-0.0023377512115985155,-0.0022739034611731768,-0.002210055710747838,-0.002146208193153143,-0.002082360442727804,-0.0020185126923024654,-0.0019546651747077703,-0.0018908174242824316,-0.0018269697902724147,-0.0017631221562623978,-0.001699274405837059,-0.001635426771827042,-0.0015715791378170252,-0.0015077313873916864,-0.0014438837533816695,-0.0013800361193716526,-0.0013161883689463139,-0.001252340734936297,-0.00118849310092628,-0.001124645466916263,-0.0010607977164909244,-0.0009969500824809074,-0.0009331023902632296,-0.0008692547562532127,-0.0008054070640355349,-0.000741559371817857,-0.0006777117378078401,-0.0006138640455901623,-0.0005500164115801454,-0.00048616871936246753,-0.0004223210271447897,-0.0003584733640309423,-0.00029462570091709495,-0.00023077803780324757,-0.00016693036013748497,-0.00010308268974767998,-3.923501935787499e-05,2.461265103193e-05,8.846032142173499e-05,0.0001523079990874976,0.00021615566220134497,0.00028000332531519234,0.0003438509884290397,0.00040769868064671755,0.0004715463437605649,0.0005353940068744123,0.0005992416990920901,0.000663089333102107,0.0007269370253197849,0.0007907847175374627,0.0008546323515474796,0.0009184800437651575,0.0009823277359828353,0.0010461753699928522,0.0011100230040028691,0.0011738707544282079,0.0012377183884382248]},"_wandb":{"runtime":3},"parameters/graph_4linear.weight":{"_type":"histogram","values":[1,0,0,0,0,0,0,0,1,0,0,0,0,0,1,1,2,0,2,2,6,7,1,4,3,4,5,7,6,5,0,4,4,2,5,3,4,2,8,4,5,2,5,3,8,0,3,6,2,4,1,1,4,3,1,3,1,2,0,0,0,1,0,1],"bins":[-0.3571450710296631,-0.3475794792175293,-0.3380138874053955,-0.3284483253955841,-0.3188827335834503,-0.30931714177131653,-0.2997515797615051,-0.29018598794937134,-0.28062039613723755,-0.27105480432510376,-0.26148921251296997,-0.25192365050315857,-0.24235805869102478,-0.232792466878891,-0.2232268899679184,-0.2136613130569458,-0.204095721244812,-0.19453012943267822,-0.18496455252170563,-0.17539897561073303,-0.16583338379859924,-0.15626779198646545,-0.14670221507549286,-0.13713663816452026,-0.12757104635238647,-0.11800546199083328,-0.10843987762928009,-0.0988742932677269,-0.0893087089061737,-0.07974312454462051,-0.07017754018306732,-0.06061195582151413,-0.05104637145996094,-0.041480787098407745,-0.03191520273685455,-0.02234961837530136,-0.012784034013748169,-0.003218449652194977,0.006347134709358215,0.015912719070911407,0.0254783034324646,0.03504388779401779,0.044609472155570984,0.054175056517124176,0.06374064087867737,0.07330622524023056,0.08287180960178375,0.09243739396333694,0.10200297832489014,0.11156856268644333,0.12113414704799652,0.13069972395896912,0.1402653157711029,0.1498309075832367,0.1593964844942093,0.16896206140518188,0.17852765321731567,0.18809324502944946,0.19765882194042206,0.20722439885139465,0.21678999066352844,0.22635558247566223,0.23592115938663483,0.24548673629760742,0.2550523281097412]},"_timestamp":1.7539113555164657e+09,"epoch":19,