{"val_loss":0.006474053103721525,"_wandb":{"runtime":120},"_runtime":120,"epoch":24,"train_loss":0.0002454636269249022,"_timestamp":1.75382790690603e+09,"_step":25}