{"epoch":24,"train_loss":0.0006205715471878648,"_timestamp":1.7538116268322074e+09,"_step":25,"val_loss":0.0021642167499274765,"_wandb":{"runtime":134},"_runtime":134}