{"epoch":24,"val_loss":0.00941973219660785,"_wandb":{"runtime":118},"_runtime":118,"train_loss":0.00038180509000085294,"_timestamp":1.7538304897130046e+09,"_step":25}