{"_wandb":{"runtime":3},"_step":19,"test_loss":0.00201319368487155,"parameters/graph_2lstm.bias_ih_l0":{"_type":"histogram","values":[1,0,1,2,3,1,1,0,4,8,1,4,4,5,3,2,6,3,6,3,4,4,4,5,1,9,5,2,3,6,7,4,7,4,5,6,3,5,3,7,7,8,2,5,6,2,4,1,2,2,0,6,0,0,1,0,0,1,0,0,0,0,0,1],"bins":[-0.17852391302585602,-0.17187094688415527,-0.16521799564361572,-0.15856502950191498,-0.15191206336021423,-0.14525911211967468,-0.13860614597797394,-0.1319531798362732,-0.12530022859573364,-0.1186472624540329,-0.11199429631233215,-0.105341337621212,-0.09868837893009186,-0.09203541278839111,-0.08538245409727097,-0.07872948795557022,-0.07207652926445007,-0.06542357057332993,-0.05877060443162918,-0.05211764574050903,-0.04546468332409859,-0.03881172090768814,-0.03215876221656799,-0.025505799800157547,-0.0188528373837471,-0.01219987589865923,-0.005546914413571358,0.0011060470715165138,0.007759008556604385,0.014411970041692257,0.02106493152678013,0.027717892080545425,0.03437083959579468,0.041023802012205124,0.04767676442861557,0.05432972311973572,0.060982685536146164,0.06763564795255661,0.07428860664367676,0.0809415727853775,0.08759453147649765,0.0942474901676178,0.10090045630931854,0.10755341500043869,0.11420637369155884,0.12085933983325958,0.12751230597496033,0.13416525721549988,0.14081822335720062,0.14747118949890137,0.15412414073944092,0.16077710688114166,0.1674300730228424,0.17408302426338196,0.1807359904050827,0.18738895654678345,0.194041907787323,0.20069487392902374,0.2073478400707245,0.21400080621242523,0.22065375745296478,0.22730672359466553,0.23395968973636627,0.24061264097690582,0.24726560711860657]},"_runtime":3,"parameters/graph_2linear.bias":{"bins":[-0.11588714271783829,-0.11344755440950394,-0.11100797355175018,-0.10856838524341583,-0.10612879693508148,-0.10368920862674713,-0.10124962776899338,-0.09881003946065903,-0.09637045115232468,-0.09393087029457092,-0.09149128198623657,-0.08905169367790222,-0.08661210536956787,-0.08417252451181412,-0.08173293620347977,-0.07929334789514542,-0.07685376703739166,-0.07441417872905731,-0.07197459042072296,-0.06953500211238861,-0.06709542125463486,-0.0646558329463005,-0.062216244637966156,-0.059776660054922104,-0.05733707547187805,-0.0548974871635437,-0.05245790258049965,-0.0500183142721653,-0.047578729689121246,-0.045139141380786896,-0.042699556797742844,-0.04025996848940849,-0.03782038018107414,-0.03538079559803009,-0.03294120728969574,-0.03050162084400654,-0.028062034398317337,-0.025622449815273285,-0.023182863369584084,-0.020743276923894882,-0.01830369047820568,-0.01586410403251648,-0.013424517586827278,-0.010984932072460651,-0.00854534562677145,-0.006105759181082249,-0.0036661732010543346,-0.001226586988195777,0.0012129992246627808,0.0036525854375213385,0.006092171650379896,0.00853175763040781,0.010971344076097012,0.013410930521786213,0.01585051603615284,0.01829010248184204,0.020729688927531242,0.023169275373220444,0.025608861818909645,0.028048448264598846,0.0304880328476429,0.03292762115597725,0.0353672057390213,0.03780679404735565,0.040246378630399704],"_type":"histogram","values":[1,0,0,0,0,0,0,0,0,0,0,0,0,0,0,0,0,0,0,0,0,0,0,0,0,0,0,0,0,0,0,0,0,0,0,0,0,0,0,0,0,0,0,1,0,0,0,0,0,0,0,0,0,0,0,0,0,0,0,0,0,0,0,1]},"parameters/graph_2lstm.bias_hh_l0":{"bins":[-0.1592869609594345,-0.15360301733016968,-0.14791908860206604,-0.1422351449728012,-0.13655120134353638,-0.13086725771427155,-0.1251833140850067,-0.11949938535690308,-0.11381544172763824,-0.10813149809837341,-0.10244756191968918,-0.09676362574100494,-0.09107968211174011,-0.08539573848247528,-0.07971180230379105,-0.07402786612510681,-0.06834392249584198,-0.06265997886657715,-0.056976042687892914,-0.05129210278391838,-0.04560816287994385,-0.039924222975969315,-0.03424028307199478,-0.02855634316802025,-0.022872403264045715,-0.017188463360071182,-0.01150452345609665,-0.005820583552122116,-0.000136643648147583,0.00554729625582695,0.011231236159801483,0.016915176063776016,0.02259911596775055,0.028283055871725082,0.033966995775699615,0.03965093567967415,0.04533487558364868,0.051018815487623215,0.05670275539159775,0.06238669529557228,0.06807063519954681,0.07375457882881165,0.07943851500749588,0.08512245118618011,0.09080639481544495,0.09649033844470978,0.10217427462339401,0.10785821080207825,0.11354215443134308,0.11922609806060791,0.12491003423929214,0.13059397041797638,0.1362779140472412,0.14196185767650604,0.14764580130577087,0.1533297300338745,0.15901367366313934,0.16469761729240417,0.1703815460205078,0.17606548964977264,0.18174943327903748,0.1874333769083023,0.19311732053756714,0.19880124926567078,0.2044851928949356],"_type":"histogram","values":[1,0,0,1,0,4,3,3,1,4,2,0,3,3,2,7,4,1,4,3,2,5,3,5,3,4,3,7,3,9,4,5,2,4,3,5,5,5,2,8,4,3,4,2,6,4,3,3,2,1,4,4,7,3,5,2,2,0,4,0,1,0,2,1]},"gradients/graph_2lstm.weight_ih_l0":{"values":[1,0,0,0,0,0,1,0,1,0,0,0,0,1,0,0,0,1,1,1,0,1,3,0,0,1,1,3,2,3,3,1,0,5,5,7,2,4,4,5,6,5,5,9,13,38,96,227,87,8,4,5,5,5,7,5,4,2,6,0,2,2,1,1],"bins":[-0.0019498409237712622,-0.0019092123256996274,-0.0018685838440433145,-0.0018279552459716797,-0.001787326647900045,-0.001746698166243732,-0.0017060695681720972,-0.0016654409701004624,-0.0016248123720288277,-0.0015841838903725147,-0.00154355529230088,-0.0015029266942292452,-0.0014622982125729322,-0.0014216696145012975,-0.0013810410164296627,-0.0013404125347733498,-0.001299783936701715,-0.0012591553386300802,-0.0012185268569737673,-0.0011778982589021325,-0.0011372696608304977,-0.0010966411791741848,-0.00105601258110255,-0.0010153839830309153,-0.0009747554431669414,-0.0009341269033029675,-0.0008934983052313328,-0.0008528697653673589,-0.0008122412255033851,-0.0007716126274317503,-0.0007309840875677764,-0.0006903554894961417,-0.0006497268914245069,-0.000609098351560533,-0.0005684697534888983,-0.0005278412136249244,-0.0004872126446571201,-0.0004465840756893158,-0.00040595553582534194,-0.00036532696685753763,-0.0003246983978897333,-0.000284069828921929,-0.00024344127450603992,-0.00020281272009015083,-0.00016218415112234652,-0.00012155558943049982,-8.092702773865312e-05,-4.0298466046806425e-05,3.3009564504027367e-07,4.095865733688697e-05,8.158721902873367e-05,0.00012221577344462276,0.00016284434241242707,0.00020347291138023138,0.00024410146579612046,0.00028473002021200955,0.00032535858917981386,0.0003659871581476182,0.0004066157271154225,0.00044724426697939634,0.00048787283594720066,0.000528501404915005,0.0005691299447789788,0.0006097585428506136,0.0006503870827145875],"_type":"histogram"},"epoch":19,"train_loss":0.002001128428943317,"parameters/graph_2lstm.weight_ih_l0":{"_type":"histogram","values":[1,0,1,0,2,0,1,8,3,4,1,8,7,9,6,14,13,20,23,21,24,20,21,22,31,30,31,35,27,22,33,17,27,18,19,18,11,9,11,6,4,4,2,0,4,4,0,1,1,1,1,0,0,1,1,0,0,0,0,0,0,1,0,1],"bins":[-0.3364894390106201,-0.3216174244880676,-0.30674540996551514,-0.29187339544296265,-0.27700138092041016,-0.26212936639785767,-0.24725735187530518,-0.23238533735275269,-0.2175133228302002,-0.2026413232088089,-0.1877693086862564,-0.17289729416370392,-0.15802527964115143,-0.14315326511859894,-0.12828125059604645,-0.11340923607349396,-0.09853722155094147,-0.08366520702838898,-0.06879319250583649,-0.053921181708574295,-0.039049167186021805,-0.024177152663469315,-0.009305140003561974,0.005566873587667942,0.020438887178897858,0.03531090170145035,0.05018291622400284,0.06505493074655533,0.07992693781852722,0.09479895234107971,0.1096709668636322,0.12454298138618469,0.13941499590873718,0.15428701043128967,0.16915902495384216,0.18403103947639465,0.19890305399894714,0.21377506852149963,0.22864708304405212,0.24351909756660461,0.2583911120891571,0.2732631266117096,0.2881351411342621,0.3030071556568146,0.31787917017936707,0.33275118470191956,0.34762319922447205,0.36249521374702454,0.37736719846725464,0.39223921298980713,0.4071112275123596,0.4219832420349121,0.4368552565574646,0.4517272710800171,0.4665992856025696,0.48147130012512207,0.49634331464767456,0.511215329170227,0.5260873436927795,0.540959358215332,0.5558313727378845,0.570703387260437,0.5855754017829895,0.600447416305542,0.6153194308280945]},