{"_timestamp":1.7538288151665523e+09,"val_loss":0.0019002161249703092,"_wandb":{"runtime":123},"_runtime":123,"_step":25,"epoch":24,"train_loss":0.00029440090293064713}