{"gradients/lstm.bias_hh_l0":{"values":[2,1,0,0,1,2,0,1,0,1,1,2,2,2,3,30,37,76,12,2,4,2,1,1,1,2,2,4,1,2,0,1,0,0,0,0,0,2,0,0,0,1,0,0,0,0,0,0,0,0,0,0,0,0,0,0,0,0,0,0,0,0,0,1],"bins":[-0.0007282919250428677,-0.0006863842136226594,-0.0006444765022024512,-0.0006025687325745821,-0.0005606610211543739,-0.0005187533097341657,-0.000476845569210127,-0.0004349378286860883,-0.0003930301172658801,-0.0003511224058456719,-0.0003092146653216332,-0.00026730692479759455,-0.00022539921337738633,-0.0001834914874052629,-0.00014158376143313944,-9.9676035461016e-05,-5.7768309488892555e-05,-1.586058351676911e-05,2.6047142455354333e-05,6.795486842747778e-05,0.00010986259439960122,0.00015177032037172467,0.0001936780463438481,0.00023558577231597155,0.000277493498288095,0.0003194012097083032,0.0003613089502323419,0.00040321669075638056,0.0004451244021765888,0.000487032113596797,0.0005289398832246661,0.0005708475946448743,0.0006127553060650826,0.0006546630174852908,0.000696570728905499,0.0007384784985333681,0.0007803862099535763,0.0008222939213737845,0.0008642016910016537,0.0009061094024218619,0.0009480171138420701,0.0009899248834699392,0.0010318325366824865,0.0010737403063103557,0.0011156480759382248,0.001157555729150772,0.0011994634987786412,0.0012413711519911885,0.0012832789216190577,0.0013251866912469268,0.001367094344459474,0.0014090021140873432,0.0014509097672998905,0.0014928175369277596,0.0015347253065556288,0.001576632959768176,0.0016185407293960452,0.0016604484990239143,0.0017023561522364616,0.0017442639218643308,0.0017861716914922,0.0018280793447047472,0.0018699871143326163,0.0019118947675451636,0.0019538025371730328],"_type":"histogram"},"parameters/lstm.weight_hh_l0":{"_type":"histogram","values":[1,0,2,2,1,1,1,1,2,5,1,5,8,5,7,14,23,25,34,69,83,150,254,355,478,499,484,540,563,545,536,561,584,533,545,511,504,531,433,385,286,150,95,62,44,25,12,11,8,5,6,2,3,3,1,0,1,3,0,1,0,0,0,1],"bins":[-0.5150838494300842,-0.4988082945346832,-0.48253270983695984,-0.46625715494155884,-0.44998157024383545,-0.43370601534843445,-0.41743046045303345,-0.40115487575531006,-0.38487932085990906,-0.36860376596450806,-0.35232818126678467,-0.33605262637138367,-0.31977707147598267,-0.3035014867782593,-0.2872259318828583,-0.2709503471851349,-0.2546747922897339,-0.2383992224931717,-0.2221236526966095,-0.2058480978012085,-0.1895725280046463,-0.1732969582080841,-0.1570214033126831,-0.1407458335161209,-0.12447026371955872,-0.10819469392299652,-0.09191913157701492,-0.07564356923103333,-0.05936799943447113,-0.043092433363199234,-0.026816867291927338,-0.010541301220655441,0.005734264850616455,0.02200983092188835,0.03828539699316025,0.054560963064432144,0.07083652913570404,0.08711209893226624,0.10338766127824783,0.11966322362422943,0.13593879342079163,0.15221436321735382,0.16848993301391602,0.18476548790931702,0.2010410577058792,0.2173166275024414,0.2335921823978424,0.2498677521944046,0.2661433219909668,0.2824188768863678,0.2986944615840912,0.3149700164794922,0.3312456011772156,0.3475211560726166,0.3637967109680176,0.38007229566574097,0.39634785056114197,0.41262340545654297,0.42889899015426636,0.44517454504966736,0.46145009994506836,0.47772568464279175,0.49400123953819275,0.5102767944335938,0.5265523791313171]},"gradients/lstm.weight_ih_l0":{"bins":[-0.00037427814095281065,-0.0003519314341247082,-0.00032958469819277525,-0.0003072379913646728,-0.0002848912845365703,-0.0002625445486046374,-0.00024019784177653491,-0.00021785113494843245,-0.00019550441356841475,-0.00017315769218839705,-0.00015081098536029458,-0.00012846426398027688,-0.0001061175498762168,-8.377083577215672e-05,-6.142411439213902e-05,-3.9077400288078934e-05,-1.673068618401885e-05,5.616029739030637e-06,2.7962745662080124e-05,5.0309463404119015e-05,7.26561775081791e-05,9.500289161223918e-05,0.00011734961299225688,0.00013969631982035935,0.00016204304120037705,0.00018438976258039474,0.00020673646940849721,0.0002290831907885149,0.0002514299121685326,0.0002737766189966351,0.00029612332582473755,0.0003184700617566705,0.0003408167394809425,0.00036316344630904496,0.0003855101822409779,0.00040785688906908035,0.0004302035958971828,0.00045255033182911575,0.0004748970386572182,0.0004972437745891511,0.0005195904523134232,0.0005419371882453561,0.000564283924177289,0.000586630601901561,0.000608977337833494,0.0006313240737654269,0.0006536707514896989,0.0006760174874216318,0.0006983642233535647,0.0007207109010778368,0.0007430576370097697,0.0007654043147340417,0.0007877510506659746,0.0008100977865979075,0.0008324444643221796,0.0008547912002541125,0.0008771379361860454,0.0008994846139103174,0.0009218313498422503,0.0009441780857741833,0.0009665247634984553,0.0009888715576380491,0.0010112181771546602,0.0010335649130865932,0.001055911649018526],"_type":"histogram","values":[3,1,3,1,6,4,6,6,3,3,1,3,4,15,43,126,222,74,1,5,6,4,8,5,7,9,3,5,2,2,0,0,3,0,0,0,0,0,1,1,1,2,1,2,1,0,0,1,1,0,0,3,0,1,0,0,0,0,0,0,0,0,0,1]},"parameters/linear.bias":{"values":[1,0,0,0,0,0,0,0,0,0,0,0,0,0,0,0,0,0,0,0,0,0,1,0,0,0,0,0,0,0,0,0,0,0,0,0,0,0,0,0,0,0,0,0,0,0,0,0,0,0,0,0,0,0,0,0,0,0,0,0,0,0,0,1],"bins":[-0.04481668770313263,-0.0421803742647171,-0.039544057101011276,-0.03690774366259575,-0.03427142649888992,-0.031635113060474396,-0.02899879775941372,-0.026362482458353043,-0.023726167157292366,-0.02108985185623169,-0.018453536555171013,-0.015817221254110336,-0.013180906884372234,-0.010544591583311558,-0.007908277213573456,-0.005271961912512779,-0.0026356466114521027,6.684567779302597e-07,0.002636983525007963,0.0052732983604073524,0.007909613661468029,0.010545928962528706,0.013182243332266808,0.015818558633327484,0.01845487393438816,0.021091189235448837,0.023727504536509514,0.02636381983757019,0.029000133275985718,0.031636450439691544,0.03427276387810707,0.0369090810418129,0.039545394480228424,0.04218170791864395,0.04481802508234978,0.047454338520765305,0.05009065568447113,0.05272696912288666,0.055363286286592484,0.05799959972500801,0.06063591688871384,0.06327223032712936,0.06590854376554489,0.06854485720396042,0.07118117809295654,0.07381749153137207,0.0764538049697876,0.07909011840820312,0.08172643184661865,0.08436275273561478,0.0869990661740303,0.08963537961244583,0.09227169305086136,0.09490801393985748,0.09754432737827301,0.10018064081668854,0.10281695425510406,0.10545326769351959,0.10808958858251572,0.11072590202093124,0.11336221545934677,0.1159985288977623,0.11863484978675842,0.12127116322517395,0.12390747666358948],"_type":"histogram"},"parameters/lstm.bias_ih_l0":{"bins":[-0.15523852407932281,-0.14947131276130676,-0.1437041014432907,-0.13793689012527466,-0.1321696788072586,-0.12640246748924255,-0.1206352561712265,-0.11486804485321045,-0.1091008335351944,-0.10333362221717834,-0.09756641089916229,-0.09179919958114624,-0.08603198826313019,-0.08026477694511414,-0.07449756562709808,-0.06873035430908203,-0.06296314299106598,-0.05719593167304993,-0.051428720355033875,-0.04566150903701782,-0.03989429771900177,-0.03412708640098572,-0.028359875082969666,-0.022592663764953613,-0.01682545244693756,-0.011058241128921509,-0.0052910298109054565,0.0004761815071105957,0.006243392825126648,0.0120106041431427,0.017777815461158752,0.023545026779174805,0.02931225299835205,0.0350794643163681,0.040846675634384155,0.04661388695240021,0.05238109827041626,0.05814830958843231,0.06391552090644836,0.06968273222446442,0.07544994354248047,0.08121715486049652,0.08698436617851257,0.09275157749652863,0.09851878881454468,0.10428600013256073,0.11005321145057678,0.11582042276859283,0.12158763408660889,0.12735484540462494,0.133122056722641,0.13888926804065704,0.1446564793586731,0.15042369067668915,0.1561909019947052,0.16195811331272125,0.1677253246307373,0.17349253594875336,0.1792597472667694,0.18502695858478546,0.1907941699028015,0.19656138122081757,0.20232859253883362,0.20809580385684967,0.21386301517486572],"_type":"histogram","values":[2,0,1,1,1,4,2,1,3,2,3,2,5,4,4,4,8,2,4,4,4,8,3,3,2,5,8,7,6,5,2,4,6,6,2,4,4,2,2,6,7,2,4,3,2,6,4,3,3,6,1,3,3,1,1,1,1,0,1,0,0,1,0,1]},"_timestamp":1.7539122899701068e+09,"_step":19,