{"_timestamp":1.7538144849171777e+09,"_step":15,"epoch":14,"val_loss":0.023818179312233113,"_wandb":{"runtime":74},"_runtime":74,"train_loss":0.00023029180010780692}