{"train_loss":0.0005004720878787339,"_timestamp":1.753812992047535e+09,"val_loss":0.002083883125744615,"_wandb":{"runtime":126},"_runtime":126,"_step":25,"epoch":24}