{"epoch":14,"train_loss":0.0007030369597487152,"_timestamp":1.7538201892773418e+09,"_step":15,"val_loss":0.009426329938583973,"_wandb":{"runtime":77},"_runtime":77}