{"epoch":15,"loss":0.0011391185828865797,"_timestamp":1.7538082329223077e+09,"_step":15,"training_time_sec":80.44319701194763,"_wandb":{"runtime":186},"_runtime":186}