{"_timestamp":1.7538289474361498e+09,"_step":25,"val_loss":0.01424497757230999,"_wandb":{"runtime":119},"_runtime":119,"epoch":24,"train_loss":0.0003610659623518586}