{"val_loss":0.028866114084000947,"_wandb":{"runtime":73},"_runtime":73,"_timestamp":1.7538220936940136e+09,"_step":15,"epoch":14,"train_loss":0.0006366905872710049}