{"val_loss":0.02990436439571491,"_wandb":{"runtime":118},"_runtime":118,"_step":25,"epoch":24,"train_loss":5.455502468976192e-05,"_timestamp":1.7538286838375661e+09}