{"_wandb":{"runtime":4},"gradients/graph_5lstm.bias_hh_l0":{"bins":[-0.001240075216628611,-0.0012140058679506183,-0.0011879365192726254,-0.0011618671705946326,-0.0011357978219166398,-0.001109728473238647,-0.0010836591245606542,-0.0010575898922979832,-0.0010315205436199903,-0.0010054511949419975,-0.0009793818462640047,-0.0009533124975860119,-0.0009272431489080191,-0.0009011738002300262,-0.0008751044515520334,-0.0008490351028740406,-0.0008229657541960478,-0.0007968964637257159,-0.0007708271150477231,-0.0007447577663697302,-0.0007186884176917374,-0.0006926190690137446,-0.0006665497203357518,-0.0006404804298654199,-0.000614411081187427,-0.0005883417325094342,-0.0005622723838314414,-0.0005362030351534486,-0.0005101336864754558,-0.0004840643669012934,-0.0004579950182233006,-0.0004319256986491382,-0.0004058563499711454,-0.00037978700129315257,-0.0003537176817189902,-0.0003276483330409974,-0.00030157898436300457,-0.0002755096647888422,-0.0002494403161108494,-0.00022337096743285656,-0.00019730163330677897,-0.00017123229918070138,-0.00014516295050270855,-0.00011909361637663096,-9.302427497459576e-05,-6.695493357256055e-05,-4.088559580850415e-05,-1.4816256225458346e-05,1.1253083357587457e-05,3.732242475962266e-05,6.339176616165787e-05,8.946110028773546e-05,0.00011553044168977067,0.00014159978309180588,0.00016766911721788347,0.0001937384658958763,0.00021980780002195388,0.0002458771341480315,0.0002719464828260243,0.0002980158315040171,0.0003240851510781795,0.0003501544997561723,0.0003762238484341651,0.0004022931680083275,0.0004283625166863203],"_type":"histogram","values":[1,0,0,0,0,0,0,0,0,0,0,0,1,0,0,0,0,0,0,1,0,0,0,0,0,0,0,0,0,0,0,0,2,0,1,3,0,0,4,0,1,0,3,1,7,11,32,81,19,11,1,0,1,2,1,0,2,5,0,1,0,2,3,3]},"gradients/graph_5linear.bias":{"_type":"histogram","values":[1,0,0,0,1,0,0,0,0,0,0,0,0,0,0,0,0,0,0,0,0,0,0,0,0,0,0,0,0,0,0,0,0,0,0,0,0,0,0,0,0,0,0,0,0,0,0,0,0,0,0,0,0,0,0,0,0,0,0,0,0,0,0,1],"bins":[0.0011239011073485017,0.0011374434689059854,0.001150985830463469,0.0011645281920209527,0.0011780705535784364,0.0011916130315512419,0.0012051553931087255,0.0012186977546662092,0.001232240116223693,0.0012457824777811766,0.0012593248393386602,0.001272867200896144,0.0012864095624536276,0.0012999519240111113,0.0013134944019839168,0.0013270367635414004,0.001340579125098884,0.0013541214866563678,0.0013676638482138515,0.0013812062097713351,0.0013947485713288188,0.0014082909328863025,0.0014218332944437861,0.0014353757724165916,0.0014489181339740753,0.001462460495531559,0.0014760028570890427,0.0014895452186465263,0.00150308758020401,0.0015166299417614937,0.0015301723033189774,0.001543714664876461,0.0015572570264339447,0.0015707995044067502,0.0015843418659642339,0.0015978842275217175,0.0016114265890792012,0.001624968950636685,0.0016385113121941686,0.0016520536737516522,0.001665596035309136,0.0016791383968666196,0.001692680874839425,0.0017062232363969088,0.0017197655979543924,0.001733307959511876,0.0017468503210693598,0.0017603926826268435,0.0017739350441843271,0.0017874774057418108,0.0018010197672992945,0.0018145622452721,0.0018281046068295836,0.0018416469683870673,0.001855189329944551,0.0018687316915020347,0.0018822740530595183,0.001895816414617002,0.0019093587761744857,0.0019229011377319694,0.0019364436157047749,0.0019499859772622585,0.001963528338819742,0.001977070700377226,0.0019906130619347095]},"_timestamp":1.7539128718388336e+09,"epoch":19,"test_loss":0.002117913190482391,"parameters/graph_5linear.bias":{"_type":"histogram","values":[1,0,0,0,0,0,0,0,1,0,0,0,0,0,0,0,0,0,0,0,0,0,0,0,0,0,0,0,0,0,0,0,0,0,0,0,0,0,0,0,0,0,0,0,0,0,0,0,0,0,0,0,0,0,0,0,0,0,0,0,0,0,0,1],"bins":[-0.07214200496673584,-0.07045473158359528,-0.06876745074987411,-0.06708017736673355,-0.06539289653301239,-0.06370562314987183,-0.062018346041440964,-0.0603310689330101,-0.05864379182457924,-0.056956514716148376,-0.055269237607717514,-0.05358196049928665,-0.05189468711614609,-0.050207410007715225,-0.04852013289928436,-0.0468328557908535,-0.04514557868242264,-0.043458301573991776,-0.04177102446556091,-0.04008374735713005,-0.03839647024869919,-0.036709196865558624,-0.03502191975712776,-0.0333346426486969,-0.03164736554026604,-0.029960088431835175,-0.028272811323404312,-0.0265855360776186,-0.024898258969187737,-0.023210981860756874,-0.02152370661497116,-0.0198364295065403,-0.018149156123399734,-0.016461879014968872,-0.014774602837860584,-0.013087326660752296,-0.011400049552321434,-0.009712772443890572,-0.008025496266782284,-0.006338219624012709,-0.0046509429812431335,-0.0029636663384735584,-0.0012763896957039833,0.0004108869470655918,0.002098163589835167,0.003785440232604742,0.005472716875374317,0.007159993518143892,0.008847270160913467,0.01053454726934433,0.012221823446452618,0.013909099623560905,0.015596376731991768,0.01728365384042263,0.018970929086208344,0.020658206194639206,0.02234548330307007,0.02403276041150093,0.025720037519931793,0.027407312765717506,0.02909458987414837,0.03078186698257923,0.032469142228364944,0.03415641933679581,0.03584369644522667]},"_step":19,"gradients/graph_5lstm.weight_hh_l0":{"_type":"histogram","values":[1,0,1,0,2,0,2,2,1,0,1,3,5,2,4,5,4,4,7,10,6,5,11,10,16,18,41,47,72,110,175,519,2524,5187,552,208,121,84,65,59,40,11,14,9,9,3,8,1,4,4,0,2,1,0,0,1,0,0,1,1,2,1,3,1],"bins":[-0.00025373217067681253,-0.00024607928935438395,-0.00023842640803195536,-0.00023077352670952678,-0.0002231206453870982,-0.00021546777861658484,-0.00020781489729415625,-0.00020016201597172767,-0.00019250913464929909,-0.0001848562533268705,-0.00017720337200444192,-0.00016955049068201333,-0.00016189762391149998,-0.0001542447425890714,-0.0001465918612666428,-0.00013893897994421422,-0.00013128609862178564,-0.00012363321729935706,-0.00011598033597692847,-0.0001083274619304575,-0.00010067458060802892,-9.302169928560033e-05,-8.536882523912936e-05,-7.771594391670078e-05,-7.00630625942722e-05,-6.241018127184361e-05,-5.4757303587393835e-05,-4.710442590294406e-05,-3.9451544580515474e-05,-3.179866325808689e-05,-2.4145785573637113e-05,-1.6492906070197932e-05,-8.84004111867398e-06,-1.1871616152347997e-06,6.465717888204381e-06,1.4118597391643561e-05,2.1771476895082742e-05,2.9424356398521923e-05,3.70772359019611e-05,4.473011358641088e-05,5.2382994908839464e-05,6.003587623126805e-05,6.768875755369663e-05,7.53416316001676e-05,8.299451292259619e-05,9.064739424502477e-05,9.830026829149574e-05,0.00010595314961392432,0.00011360603093635291,0.00012125891225878149,0.00012891179358121008,0.00013656467490363866,0.00014421754167415202,0.0001518704229965806,0.00015952330431900918,0.00016717618564143777,0.00017482906696386635,0.00018248194828629494,0.00019013482960872352,0.0001977877109311521,0.0002054405922535807,0.00021309345902409405,0.00022074634034652263,0.0002283992216689512,0.0002360521029913798]},"_runtime":4,"parameters/graph_5lstm.weight_ih_l0":{"_type":"histogram","values":[1,1,0,0,0,0,2,2,1,0,1,1,1,1,2,3,1,3,3,5,8,7,9,5,10,8,13,13,16,16,14,20,19,22,17,19,12,16,23,17,27,25,16,17,21,22,15,17,24,14,15,14,14,11,6,8,6,5,3,1,4,1,0,2],