{"_timestamp":1.7538152854908667e+09,"_step":15,"val_loss":0.0032320148300351006,"_wandb":{"runtime":77},"_runtime":77,"epoch":14,"train_loss":0.0004603378474712372}