{"train_loss":0.0006812849314883351,"_timestamp":1.7538243774622447e+09,"val_loss":0.002096975119001249,"_wandb":{"runtime":101},"_runtime":101,"_step":20,"epoch":19}