{"train_loss":0.0006163741927593946,"_timestamp":1.753825013542363e+09,"_step":20,"val_loss":0.007505836579348991,"_wandb":{"runtime":98},"_runtime":98,"epoch":19}