{"parameters/graph_1fc.weight":{"_type":"histogram","values":[2,1,0,2,2,4,3,2,5,7,5,3,9,7,6,4,10,6,9,3,1,4,4,5,3,3,3,4,4,3,2,1,3,5,1,3,0,2,2,1,5,2,4,2,7,1,4,7,2,7,8,3,9,7,10,7,3,8,5,2,4,1,2,2],"bins":[-0.11004218459129333,-0.10667338222265244,-0.10330457985401154,-0.09993578493595123,-0.09656698256731033,-0.09319818019866943,-0.08982937783002853,-0.08646057546138763,-0.08309178054332733,-0.07972297817468643,-0.07635417580604553,-0.07298537343740463,-0.06961657106876373,-0.06624776870012283,-0.06287897378206253,-0.05951017141342163,-0.05614136904478073,-0.05277256667613983,-0.04940376803278923,-0.04603496566414833,-0.04266616702079773,-0.03929736465215683,-0.03592856228351593,-0.03255976364016533,-0.02919096127152443,-0.02582216076552868,-0.02245336025953293,-0.01908455789089203,-0.01571575738489628,-0.012346956878900528,-0.008978155441582203,-0.005609354469925165,-0.0022405460476875305,0.0011282549239695072,0.004497055895626545,0.00786585733294487,0.01123465783894062,0.01460345834493637,0.01797226071357727,0.02134106121957302,0.02470986172556877,0.028078662231564522,0.03144746273756027,0.03481626510620117,0.03818506747484207,0.04155386611819267,0.04492266848683357,0.048291467130184174,0.05166026949882507,0.05502907186746597,0.058397870510816574,0.061766672879457474,0.06513547152280807,0.06850427389144897,0.07187307626008987,0.07524187862873077,0.07861067354679108,0.08197947591543198,0.08534827828407288,0.08871708065271378,0.09208588302135468,0.09545468538999557,0.09882348030805588,0.10219228267669678,0.10556108504533768]},"train_loss":0.5541076324880123,"gradients/graph_1fc.bias":{"_type":"histogram","values":[1],"bins":[0.028430717065930367,0.028430717065930367]},"gradients/graph_1lstm.weight_ih_l0":{"_type":"histogram","values":[1,0,0,0,1,0,2,3,1,3,4,6,7,7,12,9,17,25,27,35,51,55,93,116,157,258,302,426,589,1006,5500,18186,2999,865,545,403,247,228,129,105,82,61,39,39,28,25,21,7,12,4,5,7,3,4,3,4,1,0,1,1,0,0,0,1],"bins":[-0.01669364422559738,-0.016161438077688217,-0.015629231929779053,-0.015097027644515038,-0.014564821496605873,-0.014032615348696709,-0.013500410132110119,-0.012968204915523529,-0.012435998767614365,-0.0119037926197052,-0.01137158740311861,-0.01083938218653202,-0.010307176038622856,-0.009774969890713692,-0.009242764674127102,-0.008710559457540512,-0.008178353309631348,-0.0076461476273834705,-0.007113941945135593,-0.006581736262887716,-0.006049530580639839,-0.005517324898391962,-0.004985119216144085,-0.004452913533896208,-0.003920707851648331,-0.0033885021694004536,-0.0028562964871525764,-0.0023240908049046993,-0.0017918851226568222,-0.001259679440408945,-0.000727473758161068,-0.00019526807591319084,0.0003369376063346863,0.0008691432885825634,0.0014013489708304405,0.0019335546530783176,0.0024657603353261948,0.002997966017574072,0.003530171699821949,0.004062377382069826,0.004594583064317703,0.00512678874656558,0.0056589944288134575,0.006191200111061335,0.006723405793309212,0.007255611475557089,0.007787817157804966,0.008320022374391556,0.00885222852230072,0.009384434670209885,0.009916639886796474,0.010448845103383064,0.010981051251292229,0.011513257399201393,0.012045462615787983,0.012577667832374573,0.013109873980283737,0.013642080128192902,0.014174285344779491,0.014706490561366081,0.015238696709275246,0.01577090285718441,0.016303107142448425,0.01683531329035759,0.017367519438266754]},"lr":0.0005,"_wandb":{"runtime":0},"_timestamp":1.7538960718609788e+09,"val_loss":0.7345557659864426,"epoch":9,"parameters/graph_1lstm.bias_hh_l0":{"_type":"histogram","values":[1,1,3,4,6,7,6,10,15,8,11,14,19,10,16,26,16,29,18,20,18,18,16,23,22,19,25,15,30,22,20,28,28,25,31,31,10,31,26,23,20,31,24,25,28,18,19,16,24,24,12,14,10,8,16,4,3,6,8,2,3,3,2,3],"bins":[-0.07194685190916061,-0.06915928423404694,-0.06637172400951385,-0.06358415633440018,-0.0607965886592865,-0.05800902470946312,-0.05522146075963974,-0.05243389308452606,-0.04964632913470268,-0.0468587651848793,-0.044071197509765625,-0.041283633559942245,-0.038496069610118866,-0.03570850193500519,-0.03292093798518181,-0.03013337217271328,-0.02734580636024475,-0.024558240547776222,-0.021770674735307693,-0.018983110785484314,-0.016195544973015785,-0.013407979160547256,-0.010620414279401302,-0.007832849398255348,-0.0050452835857868195,-0.002257718238979578,0.0005298471078276634,0.003317412454634905,0.006104977801442146,0.008892543613910675,0.01168010849505663,0.014467673376202583,0.01725524663925171,0.020042812451720238,0.022830378264188766,0.025617942214012146,0.028405508026480675,0.031193073838949203,0.03398063778877258,0.03676820546388626,0.03955576941370964,0.04234333336353302,0.0451309010386467,0.04791846498847008,0.05070602893829346,0.053493596613407135,0.056281160563230515,0.05906872823834419,0.06185629218816757,0.06464385986328125,0.06743142008781433,0.07021898776292801,0.07300655543804169,0.07579411566257477,0.07858168333768845,0.08136925101280212,0.0841568112373352,0.08694437891244888,0.08973194658756256,0.09251951426267624,0.09530707448720932,0.098094642162323,0.10088220983743668,0.10366977006196976,0.10645733773708344]},"_runtime":0,"gradients/graph_1lstm.bias_ih_l0":{"_type":"histogram","values":[1,0,0,0,0,1,0,0,0,0,1,0,3,0,0,1,5,1,2,7,5,4,11,7,5,4,12,9,5,8,9,13,33,125,233,160,132,75,33,29,14,12,14,2,4,2,6,5,3,7,3,1,5,3,4,1,1,0,0,0,0,1,1,1],"bins":[-0.007823212072253227,-0.00759787717834115,-0.007372542284429073,-0.007147207390516996,-0.006921872496604919,-0.0066965376026928425,-0.0064712027087807655,-0.006245867814868689,-0.006020532920956612,-0.005795198492705822,-0.005569863598793745,-0.005344528704881668,-0.005119193810969591,-0.004893858917057514,-0.004668524023145437,-0.00444318912923336,-0.004217854235321283,-0.003992519341409206,-0.0037671844474971294,-0.0035418495535850525,-0.0033165146596729755,-0.0030911799985915422,-0.0028658451046794653,-0.0026405102107673883,-0.0024151753168553114,-0.0021898404229432344,-0.0019645055290311575,-0.0017391707515344024,-0.0015138358576223254,-0.0012885009637102485,-0.0010631661862134933,-0.0008378312923014164,-0.0006124963983893394,-0.00038716153358109295,-0.00016182666877284646,6.350819603540003e-05,0.0002888430608436465,0.0005141779547557235,0.0007395127904601395,0.0009648476261645555,0.0011901825200766325,0.0014155174139887094,0.0016408523079007864,0.0018661870853975415,0.0020915218628942966,0.0023168567568063736,0.0025421916507184505,0.0027675265446305275,0.0029928614385426044,0.0032181963324546814,0.0034435312263667583,0.0036688661202788353,0.0038942010141909122,0.004119535908102989,0.004344870802015066,0.004570205695927143,0.004795540124177933,0.00502087501809001,0.005246209912002087,0.005471544805914164,0.0056968796998262405,0.0059222145937383175,0.0061475494876503944,0.006372884381562471,0.006598219275474548]},"parameters/graph_1lstm.weight_ih_l0":{"values":[5,7,11,29,33,60,61,111,157,198,249,326,400,468,514,619,716,738,852,864,868,921,913,941,975,992,928,944,941,957,1008,976,935,968,916,963,987,969,953,902,888,819,765,776,663,611,560,546,416,354,275,205,163,125,77,51,35,28,21,6,7,0,1,1],