{"val_loss":0.05757888012001548,"_wandb":{"runtime":122},"_runtime":122,"epoch":24,"train_loss":0.0006252925377339125,"_timestamp":1.7538271086876392e+09,"_step":25}