{"train_loss":0.0004611646290868521,"_timestamp":1.7538121702263112e+09,"_step":25,"val_loss":0.0019619000178673104,"_wandb":{"runtime":127},"_runtime":127,"epoch":24}