{"epoch":14,"train_loss":0.0007398424204438925,"_timestamp":1.753816623843263e+09,"val_loss":0.008812231899734494,"_wandb":{"runtime":75},"_runtime":75,"_step":15}