{"train_loss":0.0005962361465208232,"_timestamp":1.753821688052639e+09,"_step":15,"val_loss":0.0023606695788536973,"_wandb":{"runtime":75},"_runtime":75,"epoch":14}