{"val_loss":0.0117897230521404,"_wandb":{"runtime":100},"_runtime":100,"epoch":19,"train_loss":0.0003461450105533004,"_timestamp":1.7538264079688494e+09,"_step":20}