{"_timestamp":1.7538239565440185e+09,"val_loss":0.008028237518576689,"_wandb":{"runtime":99},"_runtime":99,"_step":20,"epoch":19,"train_loss":0.00059031683485955}