{"_step":25,"val_loss":0.02342253643074148,"_wandb":{"runtime":120},"_runtime":120,"epoch":24,"train_loss":0.0005214659031480551,"_timestamp":1.7538299776876817e+09}