{"_timestamp":1.7538248004860616e+09,"_step":20,"val_loss":0.009269620761685127,"_wandb":{"runtime":100},"_runtime":100,"epoch":19,"train_loss":0.000660104095004499}