{"val_loss":0.0070618077135374555,"_wandb":{"runtime":127},"_runtime":127,"epoch":24,"train_loss":0.0003849197819363326,"_timestamp":1.753827245228522e+09,"_step":25}