{"_runtime":77,"_timestamp":1.7538207055493252e+09,"_step":15,"epoch":14,"train_loss":0.0005804635002277792,"val_loss":0.0021438997366055555,"_wandb":{"runtime":77}}