{"_runtime":124,"epoch":24,"train_loss":0.00042818448855541646,"_timestamp":1.753830625633082e+09,"_step":25,"val_loss":0.0022851837516041904,"_wandb":{"runtime":124}}