{"_timestamp":1.753817889406111e+09,"val_loss":0.002900280275897338,"_wandb":{"runtime":76},"_runtime":76,"_step":15,"epoch":14,"train_loss":0.0004684082814492285}