{"_runtime":77,"_timestamp":1.753815202208843e+09,"_step":15,"epoch":14,"train_loss":0.000713684014044702,"val_loss":0.0078724589442973,"_wandb":{"runtime":77}}