{"_runtime":72,"epoch":14,"train_loss":0.0005294749862514436,"_timestamp":1.7538217687384236e+09,"_step":15,"val_loss":0.003489926763065536,"_wandb":{"runtime":72}}