{"_timestamp":1.753830363248349e+09,"_step":25,"val_loss":0.001805860262924128,"_wandb":{"runtime":122},"_runtime":122,"epoch":24,"train_loss":0.0004161111428402364}