{"_timestamp":1.7538186715000901e+09,"_step":15,"epoch":14,"val_loss":0.008591975474860033,"_wandb":{"runtime":76},"_runtime":76,"train_loss":0.0007469641859643161}