{"epoch":19,"train_loss":0.0004429686232469976,"_timestamp":1.7538241654384575e+09,"val_loss":0.002117813943687103,"_wandb":{"runtime":99},"_runtime":99,"_step":20}