{"_wandb":{"runtime":96},"_runtime":96,"epoch":19,"train_loss":0.0004935496253892779,"_timestamp":1.7538246921844635e+09,"_step":20,"val_loss":0.005031658226065349}