{"_wandb":{"runtime":136},"_runtime":136,"_timestamp":1.7538190078158946e+09,"_step":25,"epoch":24,"train_loss":0.0004799524322152138,"val_loss":0.003079992477506284}