{"_wandb":{"runtime":121},"_runtime":121,"epoch":24,"train_loss":0.0006405801977962255,"_timestamp":1.7538150312909536e+09,"_step":25,"val_loss":0.017549391286739446}