{"epoch":15,"_wandb":{"runtime":305},"avg_avg_cpu/MAPE":1.22476015239954,"avg_avg_cpu/RMSE":0.15205427323816925,"avg_avg_cpu/MAE":0.12087312340736389,"avg_min_cpu/MAE":0.10387343913316727,"_step":18,"avg_avg_cpu/R2":0.8040573000907898,"avg_min_cpu/RMSE":0.127285727054334,"avg_max_cpu/MAE":0.1718202829360962,"_timestamp":1.7538085281306808e+09,"_runtime":305,"avg_max_cpu/R2":0.8258193731307983,"avg_max_cpu/MAPE":0.8642937988042831,"training_time_sec":80.56981539726257,"avg_min_cpu/MAPE":1.6524812206625938,"loss":0.0012479507582809858,"avg_max_cpu/RMSE":0.24152192057466818,"avg_min_cpu/R2":0.6680237054824829}