{"_runtime":99,"_step":20,"epoch":19,"train_loss":0.0007202135166153312,"_timestamp":1.7538258525372708e+09,"val_loss":0.009611775734928751,"_wandb":{"runtime":99}}