{"_runtime":82,"_timestamp":1.7538192720407786e+09,"_step":15,"epoch":14,"train_loss":0.0008222963660955429,"val_loss":0.010203842534741108,"_wandb":{"runtime":82}}