{"_step":25,"val_loss":0.01121051200136082,"_wandb":{"runtime":121},"_runtime":121,"epoch":24,"train_loss":0.0012043616734445095,"_timestamp":1.7538276410153437e+09}