{"_step":20,"epoch":19,"train_loss":0.0007254764786921442,"_timestamp":1.753814901225676e+09,"val_loss":0.008150395155903472,"_wandb":{"runtime":102},"_runtime":102}