{"_timestamp":1.7538308823794112e+09,"_step":25,"epoch":24,"train_loss":0.0007776950369589031,"val_loss":0.00999909267288584,"_wandb":{"runtime":124},"_runtime":124}