{"val_loss":0.009136541361543696,"_wandb":{"runtime":75},"_runtime":75,"epoch":14,"train_loss":0.0006903525209054351,"_timestamp":1.7538158126581702e+09,"_step":15}