{"_step":25,"epoch":24,"val_loss":0.001995488002330656,"_wandb":{"runtime":128},"_runtime":128,"train_loss":0.000739901966881007,"_timestamp":1.7538136744426558e+09}