{"epoch":24,"train_loss":0.001553875394165516,"val_loss":0.019175808839675575,"_wandb":{"runtime":121},"_runtime":121,"_timestamp":1.7538273747439504e+09,"_step":25}