{"parameters/linear.weight":{"values":[1,0,0,1,1,0,3,0,1,3,1,5,3,4,3,2,5,1,3,4,4,3,10,6,2,6,1,7,6,7,3,5,8,1,0,4,5,7,2,7,4,0,4,2,0,1,0,0,0,1,1,0,0,0,1,0,0,0,0,0,0,0,0,1],"bins":[-0.2806307077407837,-0.27024418115615845,-0.2598576247692108,-0.24947109818458557,-0.23908457159996033,-0.2286980301141739,-0.21831148862838745,-0.2079249620437622,-0.19753842055797577,-0.18715187907218933,-0.1767653524875641,-0.16637881100177765,-0.1559922695159912,-0.14560574293136597,-0.13521920144557953,-0.12483266741037369,-0.11444613337516785,-0.104059599339962,-0.09367306530475616,-0.08328652381896973,-0.07289998978376389,-0.06251345574855804,-0.052126917988061905,-0.041740380227565765,-0.031353846192359924,-0.020967310294508934,-0.010580774396657944,-0.00019423849880695343,0.010192297399044037,0.020578833296895027,0.030965369194746017,0.04135190695524216,0.051738470792770386,0.06212500482797623,0.07251153886318207,0.0828980803489685,0.09328461438417435,0.10367114841938019,0.11405768990516663,0.12444422394037247,0.1348307579755783,0.14521729946136475,0.15560382604599,0.16599036753177643,0.17637690901756287,0.1867634356021881,0.19714997708797455,0.2075365036725998,0.21792304515838623,0.22830958664417267,0.2386961132287979,0.24908265471458435,0.2594691812992096,0.2698557376861572,0.28024226427078247,0.2906287908554077,0.30101531744003296,0.3114018738269806,0.32178840041160583,0.3321749269962311,0.3425614833831787,0.35294800996780396,0.3633345365524292,0.37372109293937683,0.3841076195240021],"_type":"histogram"},"_wandb":{"runtime":5},"parameters/lstm.weight_hh_l0":{"bins":[-0.5094959735870361,-0.4931073486804962,-0.4767187237739563,-0.4603300988674164,-0.44394147396087646,-0.42755284905433655,-0.41116422414779663,-0.3947755992412567,-0.3783869743347168,-0.3619983196258545,-0.3456096947193146,-0.32922106981277466,-0.31283244490623474,-0.2964438199996948,-0.2800551950931549,-0.263666570186615,-0.24727794528007507,-0.23088932037353516,-0.21450069546699524,-0.19811207056045532,-0.1817234456539154,-0.1653348058462143,-0.14894618093967438,-0.13255755603313446,-0.11616893112659454,-0.09978030622005463,-0.08339168131351471,-0.0670030489563942,-0.05061442404985428,-0.03422579914331436,-0.017837170511484146,-0.00144854374229908,0.014940083026885986,0.0313287079334259,0.04771733656525612,0.06410596519708633,0.08049459010362625,0.09688321501016617,0.11327184736728668,0.1296604722738266,0.14604909718036652,0.16243772208690643,0.17882634699344635,0.19521497189998627,0.21160361170768738,0.2279922366142273,0.2443808615207672,0.26076948642730713,0.27715811133384705,0.29354673624038696,0.3099353611469269,0.3263239860534668,0.3427126109600067,0.35910123586654663,0.37548986077308655,0.39187848567962646,0.40826714038848877,0.4246557652950287,0.4410443902015686,0.4574330151081085,0.47382164001464844,0.49021026492118835,0.5065988898277283,0.5229874849319458,0.5393761396408081],"_type":"histogram","values":[1,0,0,1,0,2,1,1,3,1,4,3,8,9,15,16,16,23,32,44,66,147,268,395,443,543,568,505,591,566,545,553,535,573,554,555,559,528,488,306,206,83,58,47,29,33,13,15,9,8,3,8,4,3,3,2,4,2,0,1,0,0,0,1]},"_step":19,"parameters/lstm.weight_ih_l0":{"values":[1,0,1,0,0,1,0,0,1,1,1,1,1,1,4,3,0,3,9,2,4,8,8,9,15,6,12,18,15,17,13,14,18,20,14,14,16,21,16,16,23,21,19,24,21,19,29,20,17,12,10,10,15,10,11,6,3,3,8,5,5,2,1,2],"bins":[-0.34582769870758057,-0.33563050627708435,-0.32543331384658813,-0.3152361512184143,-0.3050389587879181,-0.2948417663574219,-0.28464460372924805,-0.27444741129875183,-0.2642502188682556,-0.2540530264377594,-0.24385584890842438,-0.23365867137908936,-0.22346147894859314,-0.21326428651809692,-0.2030671089887619,-0.19286993145942688,-0.18267273902893066,-0.17247554659843445,-0.16227836906909943,-0.1520811915397644,-0.1418839991092682,-0.13168680667877197,-0.12148962914943695,-0.11129244416952133,-0.10109525918960571,-0.0908980742096901,-0.08070088922977448,-0.07050370424985886,-0.06030651926994324,-0.05010933429002762,-0.039912149310112,-0.02971496433019638,-0.01951777935028076,-0.009320594370365143,0.0008765906095504761,0.011073775589466095,0.021270960569381714,0.03146814554929733,0.04166533052921295,0.05186251550912857,0.06205970048904419,0.07225688546895981,0.08245407044887543,0.09265125542879105,0.10284844040870667,0.11304562538862228,0.1232428103685379,0.13343998789787292,0.14363718032836914,0.15383437275886536,0.16403155028820038,0.1742287278175354,0.18442592024803162,0.19462311267852783,0.20482029020786285,0.21501746773719788,0.2252146601676941,0.2354118525981903,0.24560903012752533,0.25580620765686035,0.26600340008735657,0.2762005925178528,0.2863977551460266,0.2965949475765228,0.30679214000701904],"_type":"histogram"},"gradients/linear.bias":{"values":[1,0,0,0,0,0,0,0,0,0,0,0,0,0,0,0,0,0,0,0,0,0,0,0,0,0,0,0,0,0,0,0,0,0,0,0,0,0,0,0,0,0,0,0,0,0,1,0,0,0,0,0,0,0,0,0,0,0,0,0,0,0,0,1],"bins":[0.0022812136448919773,0.0023517650552093983,0.0024223164655268192,0.0024928676430135965,0.0025634190533310175,0.0026339704636484385,0.0027045218739658594,0.0027750730514526367,0.0028456244617700577,0.0029161758720874786,0.0029867272824048996,0.0030572786927223206,0.003127829870209098,0.003198381280526519,0.0032689326908439398,0.0033394841011613607,0.003410035278648138,0.003480586688965559,0.00355113809928298,0.003621689509600401,0.003692240919917822,0.003762792097404599,0.00383334350772202,0.003903894918039441,0.003974446095526218,0.004044997505843639,0.00411554891616106,0.004186100326478481,0.004256651736795902,0.004327203147113323,0.004397754557430744,0.004468305967748165,0.004538857378065586,0.00460940832272172,0.004679959733039141,0.004750511143356562,0.004821062553673983,0.004891613963991404,0.0049621653743088245,0.0050327167846262455,0.0051032681949436665,0.005173819605261087,0.005244370549917221,0.005314921960234642,0.005385473370552063,0.005456024780869484,0.005526576191186905,0.005597127601504326,0.005667679011821747,0.005738230422139168,0.005808781832456589,0.005879332777112722,0.005949884187430143,0.006020435597747564,0.006090987008064985,0.006161538418382406,0.006232089828699827,0.006302641239017248,0.006373192649334669,0.00644374405965209,0.006514295004308224,0.006584846414625645,0.006655397824943066,0.006725949235260487,0.0067965006455779076],"_type":"histogram"},"parameters/linear.bias":{"_type":"histogram","values":[1,0,0,0,0,0,0,0,0,0,0,0,0,0,0,0,0,0,0,0,0,0,0,0,0,0,0,0,0,0,0,0,0,0,0,0,0,0,0,0,0,0,0,0,0,0,0,0,0,0,0,0,0,1,0,0,0,0,0,0,0,0,0,1],"bins":[-0.04692879691720009,-0.04534566402435303,-0.043762534856796265,-0.042179401963949203,-0.04059626907110214,-0.03901313990354538,-0.03743000701069832,-0.03584687411785126,-0.034263744950294495,-0.032680612057447433,-0.031097479164600372,-0.02951434813439846,-0.02793121710419655,-0.026348084211349487,-0.024764953181147575,-0.023181820288300514,-0.021598689258098602,-0.02001555822789669,-0.01843242533504963,-0.016849294304847717,-0.01526616234332323,-0.013683030381798744,-0.012099899351596832,-0.010516767390072346,-0.00893363542854786,-0.007350503467023373,-0.005767371971160173,-0.004184240475296974,-0.0026011085137724876,-0.0010179767850786448,0.0005651549436151981,0.002148286672309041,0.0037314146757125854,0.005314546637237072,0.006897678133100271,0.00848080962896347,0.010063941590487957,0.011647073552012444,0.013230204582214355,0.014813336543738842,0.01639646850526333,0.01797959953546524,0.0195627324283123,0.021145863458514214,0.022728994488716125,0.024312127381563187,0.0258952584117651,0.02747839130461216,0.02906152233481407,0.030644653365015984,0.032227784395217896,0.03381091728806496,0.03539405018091202,0.03697717934846878,0.03856031224131584,0.0401434451341629,0.041726574301719666,0.04330970719456673,0.04489284008741379,0.04647597298026085,0.04805910214781761,0.04964223504066467,0.051225367933511734,0.0528084971010685,0.05439162999391556]},"_timestamp":1.7539125639272084e+09,