{"_timestamp":1.753825223112604e+09,"_step":20,"val_loss":0.0023122379339262926,"_wandb":{"runtime":99},"_runtime":99,"epoch":19,"train_loss":0.0004902426153421402}