{"_wandb":{"runtime":77},"_runtime":77,"epoch":14,"train_loss":0.0006828255718573928,"_timestamp":1.7538200222063017e+09,"_step":15,"val_loss":0.002383470488839102}