{"_timestamp":1.753817130296435e+09,"val_loss":0.00862180962832737,"_wandb":{"runtime":100},"_runtime":100,"_step":20,"epoch":19,"train_loss":0.0007120139780454338}