{"_step":25,"val_loss":0.012809676468844485,"_wandb":{"runtime":119},"_runtime":119,"epoch":24,"train_loss":0.0006749475141987205,"_timestamp":1.7538297203496194e+09}