{"_timestamp":1.7538319054594119e+09,"_step":25,"epoch":24,"train_loss":0.0006617553881369531,"val_loss":0.0020029603615538817,"_wandb":{"runtime":123},"_runtime":123}