{"_timestamp":1.7538231147590241e+09,"_step":20,"epoch":19,"train_loss":0.0006108945235610008,"val_loss":0.0023370701326495907,"_wandb":{"runtime":99},"_runtime":99}