{"_step":20,"epoch":19,"train_loss":0.0005063886055722833,"_timestamp":1.7538255349892738e+09,"val_loss":0.01561315622936569,"_wandb":{"runtime":95},"_runtime":95}