{"train_loss":0.00012991196126677096,"_timestamp":1.7538163320037951e+09,"_step":15,"val_loss":0.03924552464104292,"_wandb":{"runtime":72},"_runtime":72,"epoch":14}