{"val_loss":0.0020837128718480154,"_wandb":{"runtime":104},"_runtime":104,"_step":20,"epoch":19,"train_loss":0.0005710811819881201,"_timestamp":1.7538263020710382e+09}