{"val_loss":0.0069157799325143005,"_wandb":{"runtime":73},"_runtime":73,"epoch":14,"train_loss":0.0005069803446531296,"_timestamp":1.7538225869579847e+09,"_step":15}