{"gradients/linear.weight":{"_type":"histogram","values":[2,0,1,1,0,0,0,1,0,0,2,1,3,0,3,4,2,3,3,2,3,3,0,4,3,1,3,4,2,3,4,4,8,2,3,2,4,1,6,1,7,4,2,0,3,4,0,2,5,1,4,4,5,2,4,2,4,3,1,1,1,0,0,2],"bins":[-0.0005506256129592657,-0.0005352903972379863,-0.0005199551815167069,-0.0005046199657954276,-0.0004892847500741482,-0.00047394956345669925,-0.00045861434773541987,-0.0004432791320141405,-0.00042794394539669156,-0.0004126087296754122,-0.0003972735139541328,-0.0003819382982328534,-0.00036660308251157403,-0.00035126786679029465,-0.0003359326801728457,-0.00032059746445156634,-0.00030526224873028696,-0.0002899270330090076,-0.0002745918172877282,-0.00025925663067027926,-0.00024392141494899988,-0.0002285861992277205,-0.00021325098350644112,-0.00019791578233707696,-0.00018258056661579758,-0.0001672453508945182,-0.00015191014972515404,-0.00013657493400387466,-0.00012123972555855289,-0.00010590451711323112,-9.056930139195174e-05,-7.523409294662997e-05,-5.989891360513866e-05,-4.456370515981689e-05,-2.9228493076516315e-05,-1.3893282812205143e-05,1.4419274521060288e-06,1.67771377164172e-05,3.211234798072837e-05,4.744756006402895e-05,6.278276850935072e-05,7.811797695467249e-05,9.345318539999425e-05,0.00010878840112127364,0.00012412361684255302,0.00013945881801191717,0.00015479403373319656,0.0001701292349025607,0.0001854644506238401,0.00020079966634511948,0.00021613486751448363,0.000231470083235763,0.00024680528440512717,0.00026214050012640655,0.00027747571584768593,0.0002928109315689653,0.00030814611818641424,0.0003234813339076936,0.000338816549628973,0.0003541517653502524,0.00036948698107153177,0.00038482219679281116,0.0004001573834102601,0.00041549259913153946,0.00043082781485281885]},"train_loss":0.0019585375579212,"_step":19,"_timestamp":1.7539127744007816e+09,"gradients/lstm.weight_hh_l0":{"bins":[-0.00038288228097371757,-0.0003722447727341205,-0.0003616072644945234,-0.0003509697853587568,-0.0003403322771191597,-0.0003296947688795626,-0.00031905726063996553,-0.00030841975240036845,-0.00029778224416077137,-0.00028714476502500474,-0.00027650725678540766,-0.0002658697485458106,-0.0002552322403062135,-0.0002445947320666164,-0.00023395723837893456,-0.0002233197446912527,-0.00021268223645165563,-0.00020204472821205854,-0.0001914072345243767,-0.0001807697262847796,-0.00017013223259709775,-0.00015949472435750067,-0.0001488572161179036,-0.00013821972243022174,-0.00012758221419062465,-0.00011694471322698519,-0.00010630721226334572,-9.566970402374864e-05,-8.503220306010917e-05,-7.43947020964697e-05,-6.375719385687262e-05,-5.311969289323315e-05,-4.248219192959368e-05,-3.1844690965954214e-05,-2.120718636433594e-05,-1.0569683581707068e-05,6.781920092180371e-08,1.0705321983550675e-05,2.1342824766179547e-05,3.198032936779782e-05,4.261783033143729e-05,5.325533129507676e-05,6.389283225871623e-05,7.453034049831331e-05,8.516784146195278e-05,9.580534242559224e-05,0.00010644285066518933,0.0001170803516288288,0.00012771785259246826,0.00013835536083206534,0.0001489928545197472,0.00015963036275934428,0.00017026785644702613,0.00018090536468662322,0.0001915428729262203,0.00020218036661390215,0.00021281787485349923,0.00022345538309309632,0.00023409287678077817,0.00024473038502037525,0.00025536789325997233,0.0002660054014995694,0.00027664288063533604,0.0002872803888749331,0.0002979178971145302],"_type":"histogram","values":[1,0,0,1,0,0,0,0,0,0,0,0,1,0,1,1,1,1,2,2,4,2,6,3,4,5,11,17,11,29,36,48,93,168,356,4657,3792,317,170,92,46,38,20,15,9,7,5,7,4,2,0,2,0,2,2,0,2,2,0,2,1,0,0,2]},"_wandb":{"runtime":5},"parameters/lstm.weight_ih_l0":{"_type":"histogram","values":[1,1,0,2,0,1,1,0,0,1,4,2,2,4,9,2,6,13,4,16,19,13,22,15,17,23,24,27,16,20,21,21,19,24,26,23,18,21,19,24,17,11,11,15,17,16,5,7,5,3,3,1,2,0,1,1,1,1,1,0,0,0,0,1],"bins":[-0.33065444231033325,-0.31865933537483215,-0.30666419863700867,-0.29466909170150757,-0.2826739549636841,-0.270678848028183,-0.2586837410926819,-0.2466886043548584,-0.2346934974193573,-0.222698375582695,-0.21070325374603271,-0.19870813190937042,-0.18671301007270813,-0.17471788823604584,-0.16272278130054474,-0.15072765946388245,-0.13873253762722015,-0.12673741579055786,-0.11474230140447617,-0.10274717956781387,-0.09075206518173218,-0.07875694334506989,-0.06676182150840759,-0.0547667033970356,-0.042771585285663605,-0.03077646717429161,-0.018781347200274467,-0.006786228157579899,0.00520889088511467,0.017204008996486664,0.029199128970503807,0.04119424894452095,0.053189367055892944,0.06518448889255524,0.07717960327863693,0.08917472511529922,0.10116983950138092,0.11316496133804321,0.1251600831747055,0.1371552050113678,0.1491503119468689,0.1611454337835312,0.17314055562019348,0.18513567745685577,0.19713079929351807,0.20912592113018036,0.22112102806568146,0.23311614990234375,0.24511127173900604,0.25710639357566833,0.26910150051116943,0.2810966372489929,0.293091744184494,0.3050868809223175,0.3170819878578186,0.3290770947933197,0.3410722315311432,0.3530673384666443,0.3650624752044678,0.37705758213996887,0.38905268907546997,0.40104782581329346,0.41304293274879456,0.42503806948661804,0.43703317642211914]},"gradients/linear.bias":{"_type":"histogram","values":[1,0,0,0,0,0,0,0,0,0,0,0,0,0,0,0,0,0,0,0,0,0,0,0,0,0,0,0,0,0,0,0,0,0,0,0,0,1,0,0,0,0,0,0,0,0,0,0,0,0,0,0,0,0,0,0,0,0,0,0,0,0,0,1],"bins":[-0.0010604936396703124,-0.000996626215055585,-0.0009327589068561792,-0.0008688915404491127,-0.0008050241740420461,-0.0007411568076349795,-0.0006772894412279129,-0.0006134220748208463,-0.0005495547084137797,-0.00048568734200671315,-0.00042181997559964657,-0.00035795260919258,-0.0002940852427855134,-0.00023021787637844682,-0.00016635050997138023,-0.00010248314356431365,-3.8615777157247066e-05,2.5251589249819517e-05,8.91189556568861e-05,0.00015298632206395268,0.00021685368847101927,0.00028072105487808585,0.00034458842128515244,0.000408455787692219,0.0004723231540992856,0.0005361905205063522,0.0006000578869134188,0.0006639252533204854,0.0007277926197275519,0.0007916599861346185,0.0008555273525416851,0.0009193947189487517,0.0009832619689404964,0.0010471292771399021,0.0011109967017546296,0.0011748641263693571,0.0012387314345687628,0.0013025987427681684,0.001366466167382896,0.0014303335919976234,0.0014942009001970291,0.0015580682083964348,0.0016219356330111623,0.0016858030576258898,0.0017496703658252954,0.0018135376740247011,0.0018774050986394286,0.0019412725232541561,0.0020051398314535618,0.0020690071396529675,0.002132874447852373,0.0021967419888824224,0.002260609297081828,0.002324476605281234,0.002388344146311283,0.0024522114545106888,0.0025160787627100945,0.0025799460709095,0.002643813379108906,0.002707680920138955,0.002771548228338361,0.0028354155365377665,0.0028992830775678158,0.0029631503857672215,0.003027017693966627]},"test_loss":0.002048356346441088,"_runtime":5,"parameters/lstm.weight_hh_l0":{"values":[1,0,0,0,0,0,0,1,1,1,0,0,1,6,0,1,5,4,14,6,17,23,17,39,56,56,93,165,292,505,603,688,682,712,706,712,658,690,678,650,609,525,395,164,82,47,24,16,19,10,8,6,3,1,1,1,0,1,1,1,0,1,1,1],