{"_wandb":{"runtime":126},"_runtime":126,"epoch":24,"train_loss":0.00043823011219501495,"_timestamp":1.753827777081605e+09,"_step":25,"val_loss":0.0018656631026156701}