{"val_loss":0.002071139585071978,"_wandb":{"runtime":78},"_runtime":78,"_step":15,"epoch":14,"train_loss":0.0009169456316158175,"_timestamp":1.7538198461653855e+09}