{"_step":20,"epoch":19,"train_loss":0.0003107294614892453,"val_loss":0.007791046125171762,"_wandb":{"runtime":99},"_runtime":99,"_timestamp":1.7538268453848553e+09}