{"_runtime":77,"epoch":14,"train_loss":0.0007231475319713354,"_timestamp":1.7538173483913126e+09,"_step":15,"val_loss":0.006475730566048198,"_wandb":{"runtime":77}}