{"val_loss":0.007893103082338206,"_wandb":{"runtime":120},"_runtime":120,"_step":25,"epoch":24,"train_loss":0.000292668875772506,"_timestamp":1.7538320318685608e+09}