{"val_loss":0.00237288883740389,"_wandb":{"runtime":99},"_runtime":99,"epoch":19,"train_loss":0.0006065653869882226,"_timestamp":1.7538245900937457e+09,"_step":20}