{"_step":25,"epoch":24,"train_loss":0.0006646465044468641,"val_loss":0.002111883888799603,"_wandb":{"runtime":126},"_runtime":126,"_timestamp":1.7538275101859818e+09}