{"_step":25,"val_loss":0.011160073161826168,"_wandb":{"runtime":125},"_runtime":125,"epoch":24,"train_loss":0.00024389784084632993,"_timestamp":1.7538117595273058e+09}