{"_timestamp":1.7538230066875324e+09,"val_loss":0.012553358910357323,"_wandb":{"runtime":95},"_runtime":95,"_step":20,"epoch":19,"train_loss":0.000490656471811235}