{"val_loss":0.01008302284040066,"_wandb":{"runtime":126},"_runtime":126,"epoch":24,"train_loss":0.0008638259023427963,"_timestamp":1.753826977195455e+09,"_step":25}