{"_runtime":72,"train_loss":0.00040811888175085187,"_timestamp":1.7538216067739968e+09,"_step":15,"epoch":14,"val_loss":0.009047380437148854,"_wandb":{"runtime":72}}