{"_runtime":97,"_timestamp":1.7538259554783988e+09,"_step":20,"epoch":19,"train_loss":0.0005140754510648549,"val_loss":0.022754407351627138,"_wandb":{"runtime":97}}