{"val_loss":0.009783040692330536,"_wandb":{"runtime":74},"_runtime":74,"_timestamp":1.7538145690287282e+09,"_step":15,"epoch":14,"train_loss":0.00046178430784493685}