{"epoch":24,"train_loss":0.00039382436079904437,"_timestamp":1.7538142126851492e+09,"val_loss":0.0017360407122412713,"_wandb":{"runtime":127},"_runtime":127,"_step":25}