{"val_loss":0.0029002319901340794,"_wandb":{"runtime":126},"_runtime":126,"epoch":24,"train_loss":0.0005047348095104098,"_timestamp":1.7538120327781553e+09,"_step":25}