{"epoch":19,"train_loss":0.00030410601175390184,"_timestamp":1.7538249068297598e+09,"val_loss":0.015632206524651655,"_wandb":{"runtime":96},"_runtime":96,"_step":20}