{"_wandb":{"runtime":124},"_runtime":124,"_step":25,"epoch":24,"train_loss":0.0004892495926469564,"_timestamp":1.7538316502864904e+09,"val_loss":0.0017945535824952724}