{"epoch":24,"train_loss":0.0005057144444435835,"_timestamp":1.7538154954857762e+09,"val_loss":0.0019618862187586288,"_wandb":{"runtime":125},"_runtime":125,"_step":25}