{"train_loss":0.0006445515900850296,"_timestamp":1.7538169393652577e+09,"_step":15,"val_loss":0.016778946415977894,"_wandb":{"runtime":72},"_runtime":72,"epoch":14}