{"epoch":24,"train_loss":0.0006285251583904028,"_timestamp":1.753829593750849e+09,"_step":25,"val_loss":0.009033396878691539,"_wandb":{"runtime":123},"_runtime":123}