{"_wandb":{"runtime":96},"_runtime":96,"epoch":19,"train_loss":0.00039485085289925337,"_timestamp":1.7538253253267386e+09,"_step":20,"val_loss":0.00991995966894131}