{"_step":15,"val_loss":0.00791611974715137,"_wandb":{"runtime":74},"_runtime":74,"epoch":14,"train_loss":0.0007225371664389968,"_timestamp":1.7538211998018608e+09}