{"val_loss":0.008028570232262649,"_wandb":{"runtime":114},"_runtime":114,"epoch":19,"train_loss":0.0007055943715386093,"_timestamp":1.753826076684516e+09,"_step":20}