{"parameters/lstm.bias_ih_l0":{"values":[3,3,3,4,1,6,3,4,5,6,4,1,7,2,2,3,3,6,6,1,5,5,6,3,12,4,2,5,2,5,8,1,3,6,5,6,4,2,9,4,5,1,5,2,2,1,2,1,5,0,1,1,0,0,0,1,0,0,0,0,1,1,0,1],"bins":[-0.14960190653800964,-0.14271095395088196,-0.13581998646259308,-0.1289290338754654,-0.12203808128833771,-0.11514712125062943,-0.10825616866350174,-0.10136520862579346,-0.09447425603866577,-0.08758329600095749,-0.0806923359632492,-0.07380138337612152,-0.06691042333841324,-0.060019467025995255,-0.05312851071357727,-0.046237554401159286,-0.0393465980887413,-0.03245564177632332,-0.025564685463905334,-0.0186737272888422,-0.011782770976424217,-0.004891814198344946,0.0019991425797343254,0.008890099823474884,0.015781056135892868,0.022672012448310852,0.029562968760728836,0.03645392507314682,0.0433448851108551,0.05023584142327309,0.05712679773569107,0.06401775032281876,0.07090871036052704,0.07779967039823532,0.084690622985363,0.09158158302307129,0.09847253561019897,0.10536349564790726,0.11225444823503494,0.11914540827274323,0.1260363608598709,0.1329273283481598,0.13981828093528748,0.14670923352241516,0.15360018610954285,0.16049115359783173,0.1673821061849594,0.1742730587720871,0.18116402626037598,0.18805497884750366,0.19494593143463135,0.20183688402175903,0.2087278515100479,0.2156188040971756,0.22250975668430328,0.22940070927143097,0.23629167675971985,0.24318262934684753,0.2500735819339752,0.2569645345211029,0.2638554871082306,0.27074646949768066,0.27763742208480835,0.28452837467193604,0.2914193272590637],"_type":"histogram"},"test_loss":0.001980815513956326,"epoch":19,"parameters/lstm.weight_hh_l0":{"bins":[-0.5571507215499878,-0.5396664142608643,-0.522182047367096,-0.5046977400779724,-0.4872133731842041,-0.4697290360927582,-0.45224469900131226,-0.43476036190986633,-0.4172760248184204,-0.3997917175292969,-0.38230738043785095,-0.36482304334640503,-0.3473387062549591,-0.3298543691635132,-0.31237003207206726,-0.29488569498062134,-0.2774013578891754,-0.2599170207977295,-0.24243268370628357,-0.22494834661483765,-0.20746400952339172,-0.189979687333107,-0.17249535024166107,-0.15501101315021515,-0.13752667605876923,-0.1200423389673233,-0.10255800187587738,-0.08507367223501205,-0.06758933514356613,-0.05010499805212021,-0.032620664685964584,-0.01513632945716381,0.002348005771636963,0.019832341000437737,0.03731667622923851,0.054801009595394135,0.07228534668684006,0.08976968377828598,0.1072540134191513,0.12473835051059723,0.14222268760204315,0.15970702469348907,0.177191361784935,0.19467569887638092,0.21216002106666565,0.22964435815811157,0.2471286952495575,0.2646130323410034,0.28209736943244934,0.29958170652389526,0.3170660436153412,0.3345503807067871,0.35203471779823303,0.36951905488967896,0.3870033919811249,0.4044877290725708,0.42197203636169434,0.43945637345314026,0.4569407105445862,0.4744250476360321,0.491909384727478,0.5093937516212463,0.5268780589103699,0.5443624258041382,0.5618467330932617],"_type":"histogram","values":[1,0,0,0,1,1,1,4,4,4,4,4,1,5,11,12,15,18,25,32,46,84,151,276,365,513,556,550,576,631,601,558,622,593,568,581,595,554,463,362,256,133,67,41,28,25,18,9,4,9,3,4,3,4,1,2,0,2,1,1,0,0,0,1]},"gradients/linear.weight":{"_type":"histogram","values":[1,0,0,1,0,0,1,0,0,0,0,0,1,0,0,0,0,3,1,0,0,0,0,0,2,0,4,1,5,1,4,6,2,1,8,5,11,9,5,2,14,11,6,7,7,2,4,2,3,1,1,2,0,1,1,1,1,1,1,3,1,2,3,1],"bins":[-0.0017661568708717823,-0.0017211560625582933,-0.0016761553706601262,-0.0016311545623466372,-0.0015861538704484701,-0.0015411530621349812,-0.001496152370236814,-0.001451151561923325,-0.001406150870025158,-0.001361150061711669,-0.0013161493698135018,-0.0012711485615000129,-0.0012261478696018457,-0.0011811470612883568,-0.0011361463693901896,-0.0010911455610767007,-0.0010461448691785336,-0.0010011440608650446,-0.0009561433107592165,-0.0009111425606533885,-0.0008661418105475605,-0.0008211410604417324,-0.0007761403103359044,-0.0007311395602300763,-0.0006861387519165874,-0.0006411380018107593,-0.0005961372517049313,-0.0005511365015991032,-0.0005061357514932752,-0.0004611350013874471,-0.00041613425128161907,-0.000371133501175791,-0.000326132751069963,-0.00028113200096413493,-0.00023613125085830688,-0.0001911304862005636,-0.00014612973609473556,-0.00010112898598890752,-5.6128228607121855e-05,-1.1127474863315001e-05,3.387327888049185e-05,7.88740289863199e-05,0.00012387477909214795,0.00016887554374989122,0.00021387629385571927,0.00025887705851346254,0.0003038778086192906,0.00034887855872511864,0.0003938793088309467,0.00043888005893677473,0.0004838808090426028,0.0005288815591484308,0.0005738823092542589,0.0006188830593600869,0.000663883809465915,0.000708884559571743,0.000753885367885232,0.00079888611799106,0.0008438868680968881,0.0008888876182027161,0.0009338883683085442,0.0009788890602067113,0.0010238898685202003,0.0010688905604183674,0.0011138913687318563]},"gradients/lstm.bias_ih_l0":{"values":[1,0,0,0,0,0,0,0,0,0,0,1,0,0,0,0,0,0,1,0,0,0,0,0,0,0,2,2,1,0,1,1,3,5,29,117,12,5,5,1,1,2,1,2,0,0,1,1,1,0,0,2,0,0,1,0,0,0,0,0,0,0,0,1],"bins":[-0.004553954117000103,-0.004424803890287876,-0.004295653663575649,-0.004166503436863422,-0.0040373532101511955,-0.003908203449100256,-0.003779053222388029,-0.0036499029956758022,-0.0035207527689635754,-0.0033916025422513485,-0.0032624523155391216,-0.0031333023216575384,-0.0030041520949453115,-0.0028750018682330847,-0.0027458518743515015,-0.0026167016476392746,-0.0024875514209270477,-0.002358401194214821,-0.002229250967502594,-0.0021001009736210108,-0.001970950746908784,-0.001841800520196557,-0.001712650409899652,-0.001583500299602747,-0.00145435007289052,-0.0013251998461782932,-0.0011960497358813882,-0.0010668996255844831,-0.0009377493988722563,-0.0008085992303676903,-0.0006794490618631244,-0.0005502988933585584,-0.00042114919051527977,-0.0002919990220107138,-0.00016284885350614786,-3.369868500158191e-05,9.545148350298405e-05,0.00022460165200755,0.00035375182051211596,0.0004829019890166819,0.0006120521575212479,0.0007412023260258138,0.0008703524945303798,0.0009995026048272848,0.0011286528315395117,0.0012578030582517385,0.0013869531685486436,0.0015161032788455486,0.0016452535055577755,0.0017744037322700024,0.0019035538425669074,0.0020327039528638124,0.0021618541795760393,0.002291004406288266,0.0024201544001698494,0.0025493046268820763,0.002678454853594303,0.00280760508030653,0.002936755307018757,0.00306590530090034,0.003195055527612567,0.003324205754324794,0.003453355748206377,0.003582505974918604,0.0037116562016308308],"_type":"histogram"},"gradients/lstm.weight_hh_l0":{"bins":[-0.0011141349095851183,-0.0010818055598065257,-0.001049476326443255,-0.0010171469766646624,-0.0009848177433013916,-0.0009524884517304599,-0.0009201591601595283,-0.0008878298685885966,-0.0008555005770176649,-0.0008231712272390723,-0.0007908419356681406,-0.000758512644097209,-0.0007261833525262773,-0.0006938540609553456,-0.000661524769384414,-0.0006291954778134823,-0.0005968661862425506,-0.0005645368946716189,-0.0005322076031006873,-0.0004998783115297556,-0.0004675490199588239,-0.0004352196992840618,-0.0004028904077131301,-0.00037056111614219844,-0.00033823182457126677,-0.0003059025330003351,-0.0002735732414294034,-0.00024124393530655652,-0.00020891464373562485,-0.00017658535216469318,-0.00014425604604184628,-0.0001119267544709146,-7.959746289998293e-05,-4.726816769107245e-05,-1.4938872482161969e-05,1.739042272674851e-05,4.971971793565899e-05,8.204900950659066e-05,0.00011437830835347995,0.00014670760720036924,0.0001790368987713009,0.00021136619034223258,0.00024369548191316426,0.00027602477348409593,0.00030835409415885806,0.00034068338572978973,0.0003730126773007214,0.0004053419688716531,0.00043767126044258475,0.0004700005520135164,0.0005023298435844481,0.0005346591351553798,0.0005669884267263114,0.0005993177182972431,0.0006316470098681748,0.0006639763014391065,0.000696305651217699,0.0007286349427886307,0.0007609642343595624,0.0007932935259304941,0.0008256228175014257,0.0008579521090723574,0.0008902814006432891,0.0009226106922142208,0.0009549399837851524],"_type":"histogram",