{"train_loss":0.0006883294554427266,"_timestamp":1.7538214437297335e+09,"_step":15,"val_loss":0.012589232983614642,"_wandb":{"runtime":72},"_runtime":72,"epoch":14}