{"_runtime":122,"_timestamp":1.7538282917987897e+09,"_step":25,"epoch":24,"train_loss":0.0008855592459440231,"val_loss":0.010112220667422085,"_wandb":{"runtime":122}}