{"_wandb":{"runtime":74},"_runtime":74,"_timestamp":1.7538144010529609e+09,"_step":15,"epoch":14,"train_loss":0.0005419885856099427,"val_loss":0.016687020185680537}