{"_wandb":{"runtime":119},"_runtime":119,"train_loss":0.00029281689785420895,"_timestamp":1.7538312640915494e+09,"_step":25,"epoch":24,"val_loss":0.01442239461758429}