{"_wandb":{"runtime":99},"_runtime":99,"_step":20,"epoch":19,"train_loss":0.0006728374282829463,"_timestamp":1.7538237479113102e+09,"val_loss":0.00934994786309336}