{"train_loss":0.000630929134786129,"_timestamp":1.7538234248643663e+09,"val_loss":0.015455021641934609,"_wandb":{"runtime":95},"_runtime":95,"_step":20,"epoch":19}