{"_wandb":{"runtime":127},"_runtime":127,"_step":25,"epoch":24,"train_loss":0.0006543765193782747,"_timestamp":1.7538131288484948e+09,"val_loss":0.0020251876797014933}