{"_runtime":123,"train_loss":0.0005942295538261533,"_timestamp":1.7538285480960379e+09,"_step":25,"epoch":24,"val_loss":0.011149174333337269,"_wandb":{"runtime":123}}