{"train_loss":0.00042993886745534837,"val_loss":0.0025732529539743425,"_wandb":{"runtime":128},"_runtime":128,"_timestamp":1.7538128594077878e+09,"_step":25,"epoch":24}