{"train_loss":0.0008294206927530468,"_timestamp":1.7538310073625383e+09,"_step":25,"val_loss":0.017859470994163067,"_wandb":{"runtime":119},"_runtime":119,"epoch":24}