{"train_loss":0.000395392591599375,"val_loss":0.003644691084096024,"_wandb":{"runtime":120},"_runtime":120,"_timestamp":1.7538281633949711e+09,"_step":25,"epoch":24}