{"val_loss":0.0083051710074952,"_wandb":{"runtime":74},"_runtime":74,"epoch":14,"train_loss":0.0003781048581004143,"_timestamp":1.7538197082763484e+09,"_step":15}