{"train_loss":0.0005545890307985246,"_timestamp":1.753831138300431e+09,"_step":25,"val_loss":0.00674481636904566,"_wandb":{"runtime":124},"_runtime":124,"epoch":24}