{"_runtime":95,"_timestamp":1.7538232154231715e+09,"_step":20,"epoch":19,"train_loss":0.0005135703831911087,"val_loss":0.010963770873149876,"_wandb":{"runtime":95}}