{"_timestamp":1.7538185866654775e+09,"_step":20,"epoch":19,"val_loss":0.008715507667539117,"_wandb":{"runtime":103},"_runtime":103,"train_loss":0.00038277090061455965}