{"_wandb":{"runtime":99},"_runtime":99,"epoch":19,"train_loss":0.0006015987601131201,"_timestamp":1.75382353322699e+09,"_step":20,"val_loss":0.0022758172366862347}