{"_runtime":95,"epoch":19,"train_loss":0.0007794481934979558,"_timestamp":1.753825115151416e+09,"_step":20,"val_loss":0.02415153865931346,"_wandb":{"runtime":95}}