{"train_loss":0.000638379598967731,"_timestamp":1.7538188646383374e+09,"_step":20,"val_loss":0.0215464149190526,"_wandb":{"runtime":97},"_runtime":97,"epoch":19}