{"epoch":19,"train_loss":0.00041120138484984636,"_timestamp":1.7538244808094833e+09,"val_loss":0.00797864138009582,"_wandb":{"runtime":95},"_runtime":95,"_step":20}