{"_wandb":{"runtime":119},"_runtime":119,"_step":25,"epoch":24,"train_loss":0.0003210798604413867,"_timestamp":1.7538307512666862e+09,"val_loss":0.005929574324372053}