{"_timestamp":1.7538177741931825e+09,"_step":25,"val_loss":0.02885972804851928,"_wandb":{"runtime":121},"_runtime":121,"epoch":24,"train_loss":0.00027399149257689714}