{"_timestamp":1.7538220129867857e+09,"_step":15,"val_loss":0.007880452706182796,"_wandb":{"runtime":75},"_runtime":75,"epoch":14,"train_loss":0.0007295130635611713}