{"_runtime":75,"train_loss":0.00047753844410181046,"_timestamp":1.7538213626471565e+09,"_step":15,"epoch":14,"val_loss":0.002227925694339928,"_wandb":{"runtime":75}}