{"_runtime":122,"_step":25,"epoch":24,"train_loss":0.0005483368877321482,"_timestamp":1.7538172627093103e+09,"val_loss":0.01883962706543594,"_wandb":{"runtime":122}}