{"_timestamp":1.7538176444588912e+09,"_step":20,"val_loss":0.009240343575756902,"_wandb":{"runtime":101},"_runtime":101,"epoch":19,"train_loss":0.0006985488580539823}