{"epoch":19,"val_loss":0.009793464544921866,"_wandb":{"runtime":101},"_runtime":101,"train_loss":0.0007986030541360378,"_timestamp":1.7538181342556715e+09,"_step":20}