{"_step":20,"val_loss":0.0022279373766949605,"_wandb":{"runtime":99},"_runtime":99,"epoch":19,"train_loss":0.0005939060356467962,"_timestamp":1.7538254328014247e+09}