{"_wandb":{"runtime":122},"_runtime":122,"_step":25,"epoch":24,"train_loss":0.0005817820783704519,"_timestamp":1.7538313924517994e+09,"val_loss":0.0019604419080556878}