{"_step":19,"test_loss":0.0022324195511087223,"gradients/graph_2lstm.weight_hh_l0":{"values":[1,0,0,0,0,1,0,0,1,1,1,0,0,1,0,1,1,0,0,3,2,2,6,9,10,13,25,47,81,124,227,1153,7170,626,200,113,69,29,25,15,11,6,7,1,2,2,1,2,1,0,2,2,0,0,1,0,2,0,0,0,1,0,1,1],"bins":[-0.0010324267204850912,-0.0010005669901147485,-0.0009687071433290839,-0.0009368473547510803,-0.0009049875661730766,-0.000873127777595073,-0.0008412679890170693,-0.0008094082004390657,-0.000777548411861062,-0.0007456886814907193,-0.0007138288929127157,-0.000681969104334712,-0.0006501093157567084,-0.0006182495271787047,-0.0005863897386007011,-0.0005545299500226974,-0.0005226701614446938,-0.0004908103728666902,-0.0004589505842886865,-0.00042709079571068287,-0.0003952310071326792,-0.00036337124765850604,-0.0003315114590805024,-0.00029965167050249875,-0.0002677918819244951,-0.00023593209334649146,-0.0002040723047684878,-0.0001722125307423994,-0.00014035274216439575,-0.0001084929535863921,-7.663317228434607e-05,-4.4773387344321236e-05,-1.2913602404296398e-05,1.894618253572844e-05,5.080596747575328e-05,8.266574877779931e-05,0.00011452553735580295,0.0001463853259338066,0.00017824509995989501,0.00021010488853789866,0.0002419646771159023,0.00027382446569390595,0.0003056842542719096,0.00033754404284991324,0.00036940380232408643,0.00040126359090209007,0.0004331233794800937,0.00046498316805809736,0.000496842956636101,0.0005287027452141047,0.0005605625337921083,0.0005924223223701119,0.0006242821109481156,0.0006561418995261192,0.0006880016881041229,0.0007198614766821265,0.0007517212070524693,0.0007835809956304729,0.0008154407842084765,0.0008473005727864802,0.0008791603613644838,0.0009110201499424875,0.0009428799385204911,0.0009747397270984948,0.0010065995156764984],"_type":"histogram"},"parameters/graph_2lstm.weight_ih_l0":{"_type":"histogram","values":[3,3,0,1,2,3,8,7,4,7,3,4,7,9,13,10,11,12,14,18,11,18,12,21,19,12,17,27,26,15,14,19,21,19,16,15,17,17,14,15,14,15,12,11,6,8,12,7,13,6,1,2,3,0,1,2,0,1,0,0,0,0,1,1],"bins":[-0.2560736835002899,-0.24586829543113708,-0.23566290736198425,-0.22545750439167023,-0.2152521163225174,-0.20504672825336456,-0.19484132528305054,-0.1846359372138977,-0.17443054914474487,-0.16422516107559204,-0.1540197730064392,-0.14381437003612518,-0.13360898196697235,-0.12340359389781952,-0.11319819837808609,-0.10299280285835266,-0.09278741478919983,-0.082582026720047,-0.07237663120031357,-0.06217123940587044,-0.05196584761142731,-0.04176045581698418,-0.031555064022541046,-0.021349672228097916,-0.011144280433654785,-0.0009388886392116547,0.009266503155231476,0.019471894949674606,0.029677286744117737,0.03988267853856087,0.050088070333004,0.06029346212744713,0.07049882411956787,0.0807042121887207,0.09090960770845413,0.10111500322818756,0.1113203912973404,0.12152577936649323,0.13173118233680725,0.14193657040596008,0.15214195847511292,0.16234734654426575,0.17255273461341858,0.1827581375837326,0.19296352565288544,0.20316891372203827,0.2133743166923523,0.22357970476150513,0.23378509283065796,0.2439904808998108,0.2541958689689636,0.26440125703811646,0.2746066451072693,0.2848120629787445,0.29501745104789734,0.30522283911705017,0.315428227186203,0.32563361525535583,0.33583900332450867,0.3460443913936615,0.3562498092651367,0.36645519733428955,0.3766605854034424,0.3868659734725952,0.39707136154174805]},"_timestamp":1.7539125844484146e+09,"_runtime":4,"gradients/graph_2linear.bias":{"_type":"histogram","values":[1,0,0,0,0,0,0,0,0,0,0,0,0,0,0,1,0,0,0,0,0,0,0,0,0,0,0,0,0,0,0,0,0,0,0,0,0,0,0,0,0,0,0,0,0,0,0,0,0,0,0,0,0,0,0,0,0,0,0,0,0,0,0,1],"bins":[-0.0014019854133948684,-0.0013071981957182288,-0.0012124108616262674,-0.0011176236439496279,-0.0010228363098576665,-0.0009280490921810269,-0.0008332618162967265,-0.000738474540412426,-0.0006436872645281255,-0.000548899988643825,-0.0004541127127595246,-0.00035932546597905457,-0.0002645381900947541,-0.00016975091421045363,-7.496365287806839e-05,1.982361573027447e-05,0.00011461088433861732,0.0002093981602229178,0.00030418543610721827,0.0003989726828876883,0.0004937599878758192,0.0005885472055524588,0.0006833344814367592,0.0007781217573210597,0.0008729090332053602,0.0009676963090896606,0.0010624835267663002,0.0011572708608582616,0.0012520580785349011,0.0013468454126268625,0.001441632630303502,0.0015364199643954635,0.0016312070656567812,0.0017259942833334208,0.0018207816174253821,0.0019155688351020217,0.002010356169193983,0.0021051433868706226,0.002199930604547262,0.0022947180550545454,0.002389505272731185,0.0024842924904078245,0.002579079708084464,0.0026738669257611036,0.002768654376268387,0.0028634415939450264,0.002958228811621666,0.0030530160292983055,0.003147803246974945,0.0032425906974822283,0.003337377915158868,0.0034321651328355074,0.003526952350512147,0.00362173980101943,0.0037165270186960697,0.0038113142363727093,0.003906101454049349,0.004000888671725988,0.004095675889402628,0.0041904631070792675,0.004285250790417194,0.004380038008093834,0.0044748252257704735,0.004569612443447113,0.004664399661123753]},"parameters/graph_2lstm.bias_ih_l0":{"_type":"histogram","values":[1,1,2,3,4,5,5,4,5,4,5,8,7,6,6,2,5,7,7,10,6,3,5,9,10,9,4,5,5,4,1,5,9,11,3,2,2,1,1,0,1,2,0,0,1,1,0,0,0,0,1,0,0,0,0,0,0,0,0,0,0,1,0,1],"bins":[-0.1549331694841385,-0.14583678543567657,-0.13674040138721466,-0.12764401733875275,-0.11854763329029083,-0.10945125669240952,-0.1003548726439476,-0.09125848859548569,-0.08216210454702377,-0.07306572049856186,-0.06396933645009995,-0.05487295612692833,-0.045776572078466415,-0.0366801880300045,-0.027583805844187737,-0.01848742365837097,-0.009391039609909058,-0.00029465649276971817,0.008801726624369621,0.017898108810186386,0.0269944928586483,0.036090876907110214,0.04518725723028183,0.054283641278743744,0.06338002532720566,0.07247640937566757,0.08157279342412949,0.0906691774725914,0.09976555407047272,0.10886193811893463,0.11795832216739655,0.12705470621585846,0.13615110516548157,0.14524748921394348,0.1543438732624054,0.1634402573108673,0.17253664135932922,0.18163302540779114,0.19072940945625305,0.19982579350471497,0.20892217755317688,0.2180185467004776,0.22711493074893951,0.23621131479740143,0.24530769884586334,0.25440409779548645,0.26350048184394836,0.2725968658924103,0.2816932201385498,0.2907896041870117,0.29988598823547363,0.30898237228393555,0.31807875633239746,0.3271751403808594,0.3362715244293213,0.3453679084777832,0.3544642925262451,0.36356067657470703,0.37265706062316895,0.38175344467163086,0.3908498287200928,0.3999462127685547,0.4090425968170166,0.4181389808654785,0.42723536491394043]},"_wandb":{"runtime":4},"parameters/graph_2lstm.bias_hh_l0":{"_type":"histogram","values":[3,3,5,0,3,3,4,9,1,5,5,3,2,3,1,0,4,6,5,2,5,4,3,8,8,4,7,7,4,2,5,3,3,5,5,5,5,3,2,8,2,5,5,5,6,2,3,0,0,1,3,1,0,2,0,0,0,0,0,0,0,1,0,1],