{"_wandb":{"runtime":123},"_runtime":123,"epoch":24,"train_loss":0.000601854408159852,"_timestamp":1.753815729250868e+09,"_step":25,"val_loss":0.007962320708349584}