{"_timestamp":1.7538222567853088e+09,"_step":15,"val_loss":0.008923395926887578,"_wandb":{"runtime":73},"_runtime":73,"epoch":14,"train_loss":0.00039393542101606727}