{"train_loss":0.00046039256267249584,"_timestamp":1.7538201029925096e+09,"_step":15,"val_loss":0.002980402488762883,"_wandb":{"runtime":75},"_runtime":75,"epoch":14}