{"_timestamp":1.7538233237179325e+09,"_step":20,"epoch":19,"val_loss":0.0020720544155708727,"_wandb":{"runtime":98},"_runtime":98,"train_loss":0.0007621680269949138}