{"_runtime":128,"epoch":24,"train_loss":0.000517037813551724,"_timestamp":1.7538132652750387e+09,"_step":25,"val_loss":0.0020232976257653934,"_wandb":{"runtime":128}}