{"_runtime":76,"_timestamp":1.7538187559343371e+09,"_step":15,"epoch":14,"train_loss":0.00037649410660378635,"val_loss":0.0032694619053197102,"_wandb":{"runtime":76}}