{"_step":15,"epoch":14,"train_loss":0.0005129326600581408,"_timestamp":1.7538151169147124e+09,"val_loss":0.002584682152614743,"_wandb":{"runtime":76},"_runtime":76}