{"_timestamp":1.7538229059924736e+09,"_step":20,"val_loss":0.007533928354081261,"_wandb":{"runtime":99},"_runtime":99,"epoch":19,"train_loss":0.0007130333688110113}