{"_runtime":74,"_step":15,"epoch":14,"train_loss":0.00021429636399261653,"_timestamp":1.7538206190553582e+09,"val_loss":0.024808635889975224,"_wandb":{"runtime":74}}