{"epoch":14,"train_loss":0.0006628354312852025,"_timestamp":1.7538210403987482e+09,"_step":15,"val_loss":0.009416769185461913,"_wandb":{"runtime":77},"_runtime":77}