{"train_loss":0.0006701575475744903,"val_loss":0.019460797695806525,"_wandb":{"runtime":108},"_runtime":108,"_timestamp":1.7538261914667678e+09,"_step":20,"epoch":19}