{"_runtime":75,"train_loss":0.0006905050249770284,"_timestamp":1.7538218508846178e+09,"_step":15,"epoch":14,"val_loss":0.009313193600752502,"_wandb":{"runtime":75}}