{"_timestamp":1.753816731571584e+09,"_step":20,"val_loss":0.0020076993773128827,"_wandb":{"runtime":99},"_runtime":99,"epoch":19,"train_loss":0.0006091519026085734}