{"_step":20,"epoch":19,"train_loss":0.0008486530277878046,"_timestamp":1.7538182402893e+09,"val_loss":0.010404833115385129,"_wandb":{"runtime":97},"_runtime":97}