{"epoch":14,"train_loss":0.0003216335899196565,"_timestamp":1.7538195199715397e+09,"_step":15,"val_loss":0.019725264140078885,"_wandb":{"runtime":74},"_runtime":74}