{"val_loss":0.0020090132284130238,"_wandb":{"runtime":125},"_runtime":125,"epoch":24,"train_loss":0.0006036597187630832,"_timestamp":1.7538290824182854e+09,"_step":25}