{"epoch":24,"train_loss":0.0006846990436315536,"_timestamp":1.7538298503851197e+09,"_step":25,"val_loss":0.006526216456414088,"_wandb":{"runtime":124},"_runtime":124}