{"epoch":14,"val_loss":0.006847143811032733,"_wandb":{"runtime":72},"_runtime":72,"train_loss":0.0008945317240431905,"_timestamp":1.753815364362375e+09,"_step":15}