{"gradients/graph_3lstm.weight_hh_l0":{"values":[1,0,0,0,0,1,0,1,1,0,2,1,2,3,3,6,12,10,13,21,25,33,42,41,55,72,102,153,333,743,2283,8028,233213,11679,2998,1054,461,232,136,83,79,47,42,27,27,19,23,8,9,2,4,4,2,2,0,2,0,1,1,1,0,0,0,1],"bins":[-0.00034916415461339056,-0.0003384598530828953,-0.0003277555515524,-0.0003170512500219047,-0.0003063469484914094,-0.00029564264696091413,-0.00028493834543041885,-0.00027423404389992356,-0.00026352977147325873,-0.00025282546994276345,-0.00024212115386035293,-0.00023141685232985765,-0.0002207125653512776,-0.0002100082638207823,-0.00019930396229028702,-0.00018859966075979173,-0.00017789535922929645,-0.00016719105769880116,-0.00015648675616830587,-0.0001457824546378106,-0.0001350781531073153,-0.00012437386612873524,-0.00011366956459823996,-0.00010296526306774467,-9.226096153724939e-05,-8.15566600067541e-05,-7.085235847625881e-05,-6.014806422172114e-05,-4.9443762691225857e-05,-3.873946116073057e-05,-2.803516326821409e-05,-1.733086355670821e-05,-6.6265929490327835e-06,4.077706762473099e-06,1.4782006473978981e-05,2.5486306185484864e-05,3.6190605896990746e-05,4.689490742748603e-05,5.759920532000251e-05,6.830350321251899e-05,7.900780474301428e-05,8.971210627350956e-05,0.00010041640780400485,0.00011112070205854252,0.0001218250035890378,0.00013252929784357548,0.00014323359937407076,0.00015393790090456605,0.00016464220243506134,0.00017534650396555662,0.0001860508054960519,0.0001967551070265472,0.00020745940855704248,0.00021816369553562254,0.00022886799706611782,0.0002395722985966131,0.00025027658557519317,0.00026098088710568845,0.00027168518863618374,0.000282389490166679,0.0002930937916971743,0.0003037980932276696,0.0003145023947581649,0.00032520669628866017,0.00033591099781915545],"_type":"histogram"},"test_loss":0.0020851221892775763,"gradients/graph_3linear.bias":{"_type":"histogram","values":[1,0,0,0,0,0,0,0,0,0,0,0,0,0,0,0,0,0,0,0,0,0,0,0,0,0,0,0,0,0,0,0,0,0,0,0,0,0,0,0,0,0,0,0,0,0,0,0,0,0,0,0,0,0,0,0,0,0,0,0,1,0,0,1],"bins":[-0.004941892810165882,-0.004842250142246485,-0.004742607474327087,-0.00464296480640769,-0.004543322138488293,-0.004443679004907608,-0.004344036336988211,-0.004244393669068813,-0.004144751001149416,-0.004045108333230019,-0.003945465665310621,-0.003845822997391224,-0.003746180096641183,-0.0036465374287217855,-0.003546894760802388,-0.003447252092882991,-0.00334760919213295,-0.0032479665242135525,-0.003148323856294155,-0.0030486811883747578,-0.0029490385204553604,-0.0028493956197053194,-0.002749752951785922,-0.0026501102838665247,-0.0025504676159471273,-0.00245082494802773,-0.002351182047277689,-0.0022515393793582916,-0.0021518967114388943,-0.002052254043519497,-0.0019526112591847777,-0.0018529684748500586,-0.001753325923345983,-0.0016536832554265857,-0.0015540404710918665,-0.0014543978031724691,-0.00135475501883775,-0.0012551123509183526,-0.0011554695665836334,-0.001055826898664236,-0.0009561841725371778,-0.0008565414464101195,-0.0007568987202830613,-0.000657255994156003,-0.0005576133262366056,-0.0004579705710057169,-0.0003583278739824891,-0.00025868514785543084,-0.00015904242172837257,-5.939970287727192e-05,4.024301597382873e-05,0.00013988572754897177,0.00023952845367603004,0.0003391711798030883,0.0004388138768263161,0.0005384566029533744,0.0006380993290804327,0.0007377420552074909,0.0008373847813345492,0.0009370275074616075,0.0010366701753810048,0.001136312959715724,0.0012359556276351213,0.0013355984119698405,0.0014352410798892379]},"train_loss":0.0020139802029546074,"_runtime":4,"gradients/graph_3linear.weight":{"bins":[-0.000825479393824935,-0.0008001598180271685,-0.000774840300437063,-0.0007495207246392965,-0.0007242011488415301,-0.0006988816312514246,-0.0006735620554536581,-0.0006482424796558917,-0.0006229229038581252,-0.0005976033862680197,-0.0005722838104702532,-0.0005469642346724868,-0.0005216447170823812,-0.0004963251412846148,-0.0004710055945906788,-0.00044568601879291236,-0.0004203664720989764,-0.0003950469254050404,-0.00036972734960727394,-0.00034440780291333795,-0.0003190882271155715,-0.0002937686804216355,-0.0002684491337276995,-0.0002431295724818483,-0.00021781001123599708,-0.00019249044999014586,-0.00016717088874429464,-0.00014185134205035865,-0.00011653178080450743,-9.121221955865622e-05,-6.589266558876261e-05,-4.05731079808902e-05,-1.5253492165356874e-05,1.0066065442515537e-05,3.538562305038795e-05,6.070518065826036e-05,8.602473826613277e-05,0.00011134429951198399,0.00013666384620591998,0.0001619834074517712,0.00018730296869762242,0.00021262252994347364,0.00023794209118932486,0.00026326163788326085,0.00028858118457719684,0.0003139007603749633,0.0003392203070688993,0.0003645398828666657,0.0003898594295606017,0.0004151789762545377,0.00044049855205230415,0.00046581809874624014,0.0004911376745440066,0.0005164571921341121,0.0005417767679318786,0.000567096343729645,0.0005924159195274115,0.000617735437117517,0.0006430550129152834,0.0006683745887130499,0.0006936941063031554,0.0007190136821009219,0.0007443332578986883,0.0007696527754887938,0.0007949723512865603],"_type":"histogram","values":[1,0,0,0,0,0,0,0,1,0,1,0,1,2,2,2,7,4,4,5,12,8,8,8,7,10,14,17,24,38,55,86,94,97,77,44,43,27,11,5,6,4,9,1,4,6,5,6,3,1,2,1,2,0,0,1,0,0,1,0,0,0,0,1]},"gradients/graph_3lstm.bias_hh_l0":{"bins":[-0.002080818871036172,-0.00202185963280499,-0.001962900161743164,-0.0019039408070966601,-0.0018449814524501562,-0.0017860220978036523,-0.0017270628595724702,-0.0016681035049259663,-0.0016091441502794623,-0.0015501847956329584,-0.0014912254409864545,-0.0014322660863399506,-0.0013733067316934466,-0.0013143473770469427,-0.0012553880224004388,-0.0011964286677539349,-0.0011374694295227528,-0.0010785100748762488,-0.001019550720229745,-0.000960591365583241,-0.0009016320109367371,-0.0008426726562902331,-0.0007837133016437292,-0.0007247539469972253,-0.0006657945923507214,-0.0006068352959118783,-0.0005478759412653744,-0.0004889165866188705,-0.00042995723197236657,-0.0003709979064296931,-0.0003120385517831892,-0.0002530792262405157,-0.00019411987159401178,-0.0001351605314994231,-7.620118412887678e-05,-1.724184039630927e-05,4.171750333625823e-05,0.00010067684343084693,0.00015963619807735085,0.00021859553817193955,0.00027755487826652825,0.0003365142329130322,0.00039547355845570564,0.00045443291310220957,0.0005133922677487135,0.0005723516223952174,0.0006313109188340604,0.0006902702734805644,0.0007492296281270683,0.0008081889827735722,0.0008671483374200761,0.0009261076338589191,0.000985066988505423,0.001044026343151927,0.001102985697798431,0.0011619450524449348,0.0012209044070914388,0.0012798637617379427,0.0013388231163844466,0.0013977823546156287,0.0014567417092621326,0.0015157010639086366,0.0015746604185551405,0.0016336197732016444,0.0016925791278481483],"_type":"histogram","values":[1,0,0,0,1,0,0,0,0,0,0,0,0,0,0,0,0,0,0,0,0,0,0,0,0,1,1,3,6,5,11,15,17,29,54,763,39,18,18,7,14,4,1,1,4,3,1,1,0,1,0,0,2,0,1,0,0,0,0,0,0,0,0,2]},