{"val_loss":0.03171975299834031,"_wandb":{"runtime":72},"_runtime":72,"epoch":14,"train_loss":0.0003042539465241134,"_timestamp":1.7538219310547097e+09,"_step":15}