{"_timestamp":1.7538240577374473e+09,"_step":20,"epoch":19,"val_loss":0.02107612534618033,"_wandb":{"runtime":95},"_runtime":95,"train_loss":0.0005659674643538892}