{"epoch":19,"train_loss":0.0006947059882804751,"val_loss":0.002078921972266134,"_wandb":{"runtime":102},"_runtime":102,"_timestamp":1.7538267391458821e+09,"_step":20}