{"_step":15,"val_loss":0.0023050048169835228,"_wandb":{"runtime":75},"_runtime":75,"epoch":14,"train_loss":0.0006080770981498063,"_timestamp":1.7538215251129153e+09}