{"avg_avg_cpu_RMSE":0.1440506819906678,"avg_max_cpu_MAE":0.20804144442081451,"_runtime":0,"avg_max_cpu_MAPE":1.0436803102493286,"avg_min_cpu_R2":0.8473819494247437,"avg_max_cpu_R2":0.7309529781341553,"_wandb":{"runtime":0},"avg_min_cpu_MAE":0.06414531916379929,"avg_min_cpu_MAPE":1.0178265161812305,"avg_max_cpu_RMSE":0.3001723380595307,"avg_min_cpu_RMSE":0.08630363539890723,"Final Tahmin Grafiği":{"size":248451,"path":"media/plotly/Final Tahmin Grafiği_0_6ed420bf9932a503b5f4.plotly.json","_type":"plotly-file","sha256":"6ed420bf9932a503b5f407de895aaf0e091e1a87e910192e345229ad6e493bc3"},"avg_avg_cpu_R2":0.8241418600082397,"_timestamp":1.7539143093536322e+09,"avg_avg_cpu_MAPE":1.1119995266199112,"avg_avg_cpu_MAE":0.11033627390861511,"_step":0}