{"_runtime":118,"_timestamp":1.753828417679644e+09,"_step":25,"epoch":24,"train_loss":0.0007963767275214195,"val_loss":0.03155711629184683,"_wandb":{"runtime":118}}