{"val_loss":0.0019697629191223354,"_wandb":{"runtime":102},"_runtime":102,"_step":20,"epoch":19,"train_loss":0.000544573413208127,"_timestamp":1.7538265193338892e+09}