{"_step":15,"val_loss":0.026209863717311592,"_wandb":{"runtime":71},"_runtime":71,"epoch":14,"train_loss":0.00040804268792271614,"_timestamp":1.7538212807058458e+09}