{"val_loss":0.0022082263178973822,"_wandb":{"runtime":125},"_runtime":125,"epoch":24,"train_loss":0.0005214677075855434,"_timestamp":1.7538280374012456e+09,"_step":25}