{"_timestamp":1.7538168607115312e+09,"_step":25,"epoch":24,"train_loss":0.0006675407639704645,"val_loss":0.006748708767439796,"_wandb":{"runtime":124},"_runtime":124}