{"train_loss":0.0005264608189463615,"_timestamp":1.753825642538796e+09,"_step":20,"val_loss":0.002351110657276546,"_wandb":{"runtime":99},"_runtime":99,"epoch":19}