{"_step":15,"val_loss":0.01673374887464922,"_wandb":{"runtime":74},"_runtime":74,"epoch":14,"train_loss":0.000510698591824621,"_timestamp":1.753820785684388e+09}