{"_timestamp":1.7538155971196535e+09,"_step":20,"val_loss":0.020340731179512957,"_wandb":{"runtime":95},"_runtime":95,"epoch":19,"train_loss":0.0005882558762095869}